format	hzr-fork-snapshot
schema_version	2
path_encoding	hex-lowercase
core_version	0.44.1-fork.1
source_repository_hex	68747470733a2f2f6769746875622e636f6d2f686541647a30722f72746b2e676974
source_branch_hex	666561742f757073747265616d2d302e34322d666f726b2e31
source_head	5f403c465cbdbe148e9ca03e0ac8e856eef0bfee
source_diff_sha256	37551ca1f2ac13661923b5c2225465c9538af6f3b146e6782158257d2dcc5fbc
tracked_changes_record_sha256	37551ca1f2ac13661923b5c2225465c9538af6f3b146e6782158257d2dcc5fbc
source_status_sha256	cc3d82662a190ffcc5f9e7cd8bfff3dec985fd1a068bc58acc40c62fec8d69d4
source_status_record_sha256	a4a524ff23ce5ba41a23410d54b471b7f28e5b724d41cc65582e5245a9596363
selection_hex	485a522d6f776e65642063757272656e7420656e67696e652066696c65732c20646572697665642066726f6d20696d6d757461626c6520736e617073686f7420763220616e6420656e756d6572617465642062792043555252454e545f46494c4553
content_manifest_sha256	2363b5c4a63c02fcae13f1c6e8978d3039e2b551199c8fc148bccdf34df64392
fork_files_record_sha256	d6ebf86a5b9a677ea28c2f10bde3dae8250a3d13ba4d2c60c2c9fddabd572853
tracked_deletions_record_sha256	df74e6f46b512699c108fb156eac647a92c3521fdb2b62572a4d2ce1250505ac
entry_count	533
tracked_deletion_count	4
entry	2e636c617564652f6167656e74732f636f64652d72657669657765722e6d64	file	100644	11706	8eb13ca629707f255fe73f1c56c64cc6a8bcd64a5407ece438997063626243ad
entry	2e636c617564652f6167656e74732f64656275676765722e6d64	file	100644	16102	84b8930f048794c181e7aae3daff8c1874578117ef993cc9f6b364d58bf06799
entry	2e636c617564652f6167656e74732f72746b2d74657374696e672d7370656369616c6973742e6d64	file	100644	12787	77239508907098c359a69c5dc5e8115a4b25d2e981b5e0d50460dee9a021d3f1
entry	2e636c617564652f6167656e74732f727573742d72746b2e6d64	file	100644	15432	75b211c1428d48f94c1e30a404d3941252f20c2a387f213584cc736be9074f1f
entry	2e636c617564652f6167656e74732f746563686e6963616c2d7772697465722e6d64	file	100644	8415	47e4d94d27051b7067ac1073e0efc9e66cfacda63fdbab8e344f1549e5a4cfff
entry	2e636c617564652f636f6d6d616e64732f646961676e6f73652e6d64	file	100644	10322	491005069581c8b299b815dd794d53abd38550411bce15b9732a224895d46f43
entry	2e636c617564652f636f6d6d616e64732f746573742d726f7574696e672e6d64	file	100644	9707	867700ae99f15d9ac8867b2ae07955802826ad809c0b044eca4190a791e4f6e5
entry	2e636c617564652f686f6f6b732f626173682f7072652d636f6d6d69742d666f726d61742e7368	file	100644	413	829291c8771a09bf9be9e5a8944a161a6477aece92db73684befa4dc26be5281
entry	2e636c617564652f686f6f6b732f72746b2d737567676573742e7368	file	100644	5766	4a560d6b1868d2285d69113c8b453cd7a0c973b4e3bd8a0e709bbe4a422a6492
entry	2e636c617564652f72756c65732f63692d6c6573736f6e732e6d64	file	100644	384	bbf98ac6fa4ba490e67cdb5ce7a0c749023b77f67c001c24e0c5a9bf97676144
entry	2e636c617564652f72756c65732f636c692d74657374696e672e6d64	file	100644	13442	7e401592c817d1135126cdccea9c58d746c2f9ef05e2cb11a84f7df78a9dfb24
entry	2e636c617564652f736b696c6c732f69737375652d7472696167652f534b494c4c2e6d64	file	100644	11906	c73c8d6825837cf20791e57a23937a0541fe1687af9f3eda0fb7e29ae1c1cb97
entry	2e636c617564652f736b696c6c732f69737375652d7472696167652f74656d706c617465732f69737375652d636f6d6d656e742e6d64	file	100644	4469	358075150281e64a6f024fb5dcb938b37b927ac21614cb226105326a9467a761
entry	2e636c617564652f736b696c6c732f706572666f726d616e63652e6d64	file	100644	12263	8c49c96b14e93819cccdcf8deabba70262f7e0345931886e979270a5852814b3
entry	2e636c617564652f736b696c6c732f70722d7472696167652f534b494c4c2e6d64	file	100644	10033	da5d2aaf977b4573d12a3ab24cda77e340fa93fe09f3d82f4868c5b3829ee718
entry	2e636c617564652f736b696c6c732f70722d7472696167652f74656d706c617465732f7265766965772d636f6d6d656e742e6d64	file	100644	2256	b27e4727b8c0093646e20e98ea3758bf511502322d7240ca181dc6f83014d250
entry	2e636c617564652f736b696c6c732f7265706f2d72656361702e6d64	file	100644	6878	07fa9c43cfd05ce966d5da7db2c9da930d1f2eda952fdde38569936425f3f01c
entry	2e636c617564652f736b696c6c732f72746b2d7464642f534b494c4c2e6d64	file	100644	2890	3bd123538844d5a8dd5adb0165e1ce9a02ed1b3137898f42467ea66d7a77e885
entry	2e636c617564652f736b696c6c732f72746b2d7464642f7265666572656e6365732f74657374696e672d7061747465726e732e6d64	file	100644	3572	86fe763de457291fb1ba494519b08cbf41468ef608dab3de7b9ba7dd8d1c5ad8
entry	2e636c617564652f736b696c6c732f73656375726974792d677561726469616e2e6d64	file	100644	13805	4a0478ccd1eaa83eec52b7b1ebc662b630917ec3ba35979b356d776c15bb838d
entry	2e636c617564652f736b696c6c732f736869702e6d64	file	100644	8764	b42c4ea0206aff68a5a924d669980d0aecd2b965679b59b546463f425bbf6cfc
entry	2e6769746875622f776f726b666c6f77732f62656e63686d61726b2e796d6c	file	100644	1240	ec1b6e5d7beaefe807d82efb2259498a68a1bbfccabf50802a32d2384f560868
entry	2e6769746875622f776f726b666c6f77732f6769742d7061726974792d62656e63686d61726b2e796d6c	file	100644	1119	9345915d9f7c2b7412cb1a36bf47e8a3280d4dfe2b8020c83c658777afc68c28
entry	2e6769746875622f776f726b666c6f77732f6d656d6f72792d62656e63686d61726b2e796d6c	file	100644	1077	fcc30e68e17c6cd4d5ad1df0968249867bdd6d6c0a1a0d8bcd24446d6ec19a7d
entry	2e6769746875622f776f726b666c6f77732f72656c656173652d706c656173652e796d6c	file	100644	1381	9f6b117c8b60203b428587e9d20b6954e3af586122b29443e06c4472eb4bf11a
entry	2e6769746875622f776f726b666c6f77732f72656c656173652e796d6c	file	100644	9263	c404bee4bbb8066b67a7068588c5f63d30372f4dd226aa7cf08ed1989383a7c9
entry	2e6769746875622f776f726b666c6f77732f73656375726974792d636865636b2e796d6c	file	100644	6913	b82f3338b5d85e485f4dac5c5fd7cb5bc4353c707566345ea93f901d727fc109
entry	2e6769746875622f776f726b666c6f77732f76616c69646174652d646f63732e796d6c	file	100644	495	e7b08971799346bbcc9c28c915b871dbcbcd29bfcd9e42dc9e66a2072b59659b
entry	2e6769746875622f776f726b666c6f77732f77726974652d62656e63686d61726b2e796d6c	file	100644	1064	1a3ccbed62b3c5a88621851b7f2b1c1ac0c8bb4434fb2c8f11f0015bbba23296
entry	2e67697469676e6f7265	file	100644	591	535b13e00066c010b625c2a85f65a20600ef65b7ab928e06ddbbe262ba03f79b
entry	2e72656c656173652d706c656173652d6d616e69666573742e6a736f6e	file	100644	20	8e08753cf0a68c45f7b13309bda8c0dbf74b712de866bfc94703cf700d112913
entry	4152434849544543545552452e6d64	file	100644	46106	3842d35451830f0d9a70b12cdafffb522da890730e8846f5ead109a049247a6f
entry	4152434849544543545552452e6d642e72746b2d6c6f636b	file	100644	0	e3b0c44298fc1c149afbf4c8996fb92427ae41e4649b934ca495991b7852b855
entry	4348414e47454c4f472e6d64	file	100644	27891	14ac81dc34f6d24818f3e2263d67aff0e9ba29f09d06421117f3e02233322cb7
entry	434c415544452e6d64	file	100644	13800	ff50f843060bfb4c362cefbcf0c6d3a0ba18593f57ff5e36de04c23b88699ca7
entry	436172676f2e6c6f636b	file	100644	37814	c12b4a6c3a6863677b94e68af597fae38d047a9120a817b30b80291f3824dfdc
entry	436172676f2e746f6d6c	file	100644	2281	03f2437c04bef8a616cc2a1fbe76809661d6f059438c0cfc72556a62203694e6
entry	436172676f2e746f6d6c2e72746b2d6c6f636b	file	100644	0	e3b0c44298fc1c149afbf4c8996fb92427ae41e4649b934ca495991b7852b855
entry	464f524b2e6d64	file	100644	21590	59a2712c013d546797f87b0c8264578bbaf4f69ff7ccf32b50bc1c979ebde471
entry	466f726d756c612f72746b2e7262	file	100644	1171	082938e4afb147210a17f6f84d5639398f2271c4572bcb9832686934f3480ed5
entry	494e5354414c4c2e6d64	file	100644	9126	34b65e406262d0c181720bfe6754faa758e1e3d2412cd290743fb8ee43bc47b2
entry	494e5354414c4c2e6d642e72746b2d6c6f636b	file	100644	0	e3b0c44298fc1c149afbf4c8996fb92427ae41e4649b934ca495991b7852b855
entry	4c4943454e5345	file	100644	1075	1231ac74c1d872c6d40a64bb61921c04b1482dcb0a4f01dcff04779d0c98947f
entry	4d454d4f52595f4c415945522e6d64	file	100644	27378	454ddf5af84ab684a6c961a82a0886942ce5749cef7479d147b53da455ef0955
entry	4d454d4f52595f4c415945522e6d642e72746b2d6c6f636b	file	100644	0	e3b0c44298fc1c149afbf4c8996fb92427ae41e4649b934ca495991b7852b855
entry	524541444d452e6d64	file	100644	22123	ee9a2bad7b4e05f004ff7c4ddffa39a14597cefcaffa2f69962853c87a63dd87
entry	524541444d452e6d642e72746b2d6c6f636b	file	100644	0	e3b0c44298fc1c149afbf4c8996fb92427ae41e4649b934ca495991b7852b855
entry	524f41444d41502e6d64	file	100644	459	dab54ab1dc4f3be3e7d7d711e55fac011daae6138441a838c87ebd4c29acafa1
entry	53454355524954592e6d64	file	100644	7270	292a22a99d1346cd8290d942ae9dff407bdfe5be6b4d4c91ec11a4906e25702c
entry	544553545f455845435f54494d452e6d64	file	100644	2171	7bc2b999b725b66a0833ec3d2d556c0afb07d63fad1681a48e156dec3219ab42
entry	62656e63686d61726b732f524553554c54532e6d64	file	100644	17965	5029f6228236514110803c5409d44f39404e19b136583e3563394bae678e8ef3
entry	62656e63686d61726b732f616e616c797a655f636f64652e7079	file	100644	25747	7f6bfe56ed517e0bef55a323968e2912bf3250b36a3c3566989a4b7c644e6567
entry	62656e63686d61726b732f62656e63685f636f64652e7368	file	100755	14629	3d8651bbcfe7fbcb7bca0af4da082f13db52cbe160c3507ef537841fd94fd446
entry	62656e63686d61726b732f676f6c645f7374616e64617264732e6a736f6e	file	100644	10581	b458aae23cefbb26e6a3245e6a7c993569de61e24e8f8b16d81b237046a5ae11
entry	62656e63686d61726b732f6d656d6f72792f524553554c54532e6d64	file	100644	1810	db7b5e36834b33d9c8a2f9e876186d736650513cbca24db8d3be5c6ae0f17c4a
entry	62656e63686d61726b732f6d656d6f72792f616e616c797a655f6d656d6f72792e7079	file	100644	9789	fe984f745f0c5427b4254cc7fb0704067e0d38aec2dd34c3ede26794bf76d8cc
entry	62656e63686d61726b732f6d656d6f72792f62656e63685f6d656d6f72792e7368	file	100755	7100	fc6ccc439a5a2197928c3497634a9e932da226af665f03a0787974b0cbe259c6
entry	62656e63686d61726b732f6d656d6f72792f726573756c74735f656e762e747874	file	100644	376	6c6fce466755825a671de39b430177e140f209c5420428148d08525435cb9faf
entry	62656e63686d61726b732f6d656d6f72792f726573756c74735f7261772e637376	file	100644	3597	e414b7ccabc8e0000fbaaeec217a192e566281a46931942a2b73a8e1a02651d8
entry	62656e63686d61726b732f6d656d6f72792f74657374732f5f5f696e69745f5f2e7079	file	100644	1	01ba4719c80b6fe911b091a7c05124b64eeece964e09c058ef8f9805daca546b
entry	62656e63686d61726b732f6d656d6f72792f74657374732f746573745f616e616c797a655f6d656d6f72792e7079	file	100644	3507	457f47feaabff61da60cf32aeaee820abc009ef127ec1d52d8d796d45627f9b4
entry	62656e63686d61726b732f7061726974795f6769742f524553554c54532e6d64	file	100644	1657	a46dcca7dce28c3417bfb0ab3df928ee668e7bbdd23af074b3fd840a4acf6431
entry	62656e63686d61726b732f7061726974795f6769742f616e616c797a655f7061726974795f6769742e7079	file	100644	4415	16e3bd0dd3ccc8067eae915603acab3f7446d76e594a33eb767912600c83a03e
entry	62656e63686d61726b732f7061726974795f6769742f62656e63685f7061726974795f6769742e7368	file	100755	5891	7bb61da757cd87193612cfe988240ea4c46a86cbb3bac9ee0d89b3cd51ba589b
entry	62656e63686d61726b732f7061726974795f6769742f726573756c74735f656e762e747874	file	100644	292	2ccae5e51985a07eed87bc2aa376a1fafbbc1d49ab4e7a2d423c7235f4568793
entry	62656e63686d61726b732f7061726974795f6769742f726573756c74735f7261772e637376	file	100644	576	3c5c571e318908fcb5fe1cf50ed4fefc97925555aec5c2e0b81a5c800a7696a8
entry	62656e63686d61726b732f7061726974795f6769742f74657374732f5f5f696e69745f5f2e7079	file	100644	0	e3b0c44298fc1c149afbf4c8996fb92427ae41e4649b934ca495991b7852b855
entry	62656e63686d61726b732f7061726974795f6769742f74657374732f746573745f616e616c797a655f7061726974795f6769742e7079	file	100644	1606	d8511a330cc0d3ee1bb8ad04ee625da93e1f4e37828e8757403ebf8e82b3b23c
entry	62656e63686d61726b732f7175616c6974795f73616d706c65732f41315f677265702e747874	file	100644	10338	5ffeeab86a6f097afbdcfdc5a2d25897aef27358ec9fc8c756cfd10ebe2e5f14
entry	62656e63686d61726b732f7175616c6974795f73616d706c65732f41315f686561645f6e2e747874	file	100644	9933	6fc63fa4146e98b92f1d0866f6a8dfaa7f4df2b47e935fb8d8e4aef6ba128dff
entry	62656e63686d61726b732f7175616c6974795f73616d706c65732f41315f72746b5f677265702e747874	file	100644	6527	515e80dd670c0508d097f6a76646f9699fa7b4c672603659c071d941837ae320
entry	62656e63686d61726b732f7175616c6974795f73616d706c65732f41315f72746b5f726761692e747874	file	100644	2797	4d65dd540e94495152d4a6c3d9b7a55832fc8b8f3a6a81cb09203c40f8f4b5d0
entry	62656e63686d61726b732f7175616c6974795f73616d706c65732f41325f677265702e747874	file	100644	2196	e2712bd31a33b7a747dfc3a4bb4584904850b387282f71a75d5a3bdc5023d407
entry	62656e63686d61726b732f7175616c6974795f73616d706c65732f41325f686561645f6e2e747874	file	100644	2196	e2712bd31a33b7a747dfc3a4bb4584904850b387282f71a75d5a3bdc5023d407
entry	62656e63686d61726b732f7175616c6974795f73616d706c65732f41325f72746b5f677265702e747874	file	100644	902	2088042a893f6b542a21bef6409f07dbc7eda0e85eec0bd0f66cc1b833fdcc36
entry	62656e63686d61726b732f7175616c6974795f73616d706c65732f41325f72746b5f726761692e747874	file	100644	691	91a70849c646382f3faf2dfc72dc2a0888454d3f82779e9e53804ded0da7841b
entry	62656e63686d61726b732f7175616c6974795f73616d706c65732f41335f677265702e747874	file	100644	2524	3e4bcd94ac85e99aa1c61c3cac58fd97985743617a446e771cdf22454a14a155
entry	62656e63686d61726b732f7175616c6974795f73616d706c65732f41335f686561645f6e2e747874	file	100644	2524	3e4bcd94ac85e99aa1c61c3cac58fd97985743617a446e771cdf22454a14a155
entry	62656e63686d61726b732f7175616c6974795f73616d706c65732f41335f72746b5f677265702e747874	file	100644	817	170eff56f9b95f529cc7107aa8c9b82ae297bc3cf793e2b95a8080109c0c8aa2
entry	62656e63686d61726b732f7175616c6974795f73616d706c65732f41335f72746b5f726761692e747874	file	100644	782	944e31c985cfd841e360304abeb46e4a8d124dbcc05329c351f74ab8b43c163e
entry	62656e63686d61726b732f7175616c6974795f73616d706c65732f41345f677265702e747874	file	100644	918	90705af427f40246a7a063e98903bc9a5e2c00a35dafd83e987bcf915027c062
entry	62656e63686d61726b732f7175616c6974795f73616d706c65732f41345f686561645f6e2e747874	file	100644	918	90705af427f40246a7a063e98903bc9a5e2c00a35dafd83e987bcf915027c062
entry	62656e63686d61726b732f7175616c6974795f73616d706c65732f41345f72746b5f677265702e747874	file	100644	797	f93a2db65e33d10dacf09b0198e46f3f77d276bdceb15b83c3003d562dde8e3e
entry	62656e63686d61726b732f7175616c6974795f73616d706c65732f41345f72746b5f726761692e747874	file	100644	1370	6e37881fdbc74c2dd3bcc228a8315f9cdca40a43f09c2667e43a7e1ac394b13f
entry	62656e63686d61726b732f7175616c6974795f73616d706c65732f41355f677265702e747874	file	100644	1852	07df441f983869085efffa245fc6aafc78e220700a68107eef614d71f3093056
entry	62656e63686d61726b732f7175616c6974795f73616d706c65732f41355f686561645f6e2e747874	file	100644	1852	07df441f983869085efffa245fc6aafc78e220700a68107eef614d71f3093056
entry	62656e63686d61726b732f7175616c6974795f73616d706c65732f41355f72746b5f677265702e747874	file	100644	1197	c5a4df03d9c1324fcc57916df086247a5287e65c32219293d913c02ec6706e24
entry	62656e63686d61726b732f7175616c6974795f73616d706c65732f41355f72746b5f726761692e747874	file	100644	1264	4850f273fd7dae34c1e2d0e27f36f346aba7eda6d03548918f673dacee1358c9
entry	62656e63686d61726b732f7175616c6974795f73616d706c65732f41365f677265702e747874	file	100644	201	cc65d94acd8cbc337ea37031d32b37edfa2ed78472eeb4bff3b6282b3091dda3
entry	62656e63686d61726b732f7175616c6974795f73616d706c65732f41365f686561645f6e2e747874	file	100644	201	cc65d94acd8cbc337ea37031d32b37edfa2ed78472eeb4bff3b6282b3091dda3
entry	62656e63686d61726b732f7175616c6974795f73616d706c65732f41365f72746b5f677265702e747874	file	100644	182	92fa2681e11402da9adcd362bc91368c9be7fa1560a45c7ea595e0fdf016271e
entry	62656e63686d61726b732f7175616c6974795f73616d706c65732f41365f72746b5f726761692e747874	file	100644	686	5f694c9ffd63a44083f7df5219fcbd7356158740d9eb2dec13bca5e1031a105b
entry	62656e63686d61726b732f7175616c6974795f73616d706c65732f42315f677265702e747874	file	100644	3128	5fae339fd4fbe5b261234f47e7166334efd6eb7ccf86cb40f741cf86325dd267
entry	62656e63686d61726b732f7175616c6974795f73616d706c65732f42315f686561645f6e2e747874	file	100644	3128	5fae339fd4fbe5b261234f47e7166334efd6eb7ccf86cb40f741cf86325dd267
entry	62656e63686d61726b732f7175616c6974795f73616d706c65732f42315f72746b5f677265702e747874	file	100644	3518	8276f4066e70e615dd2252838beaafeb79975c1f07e80fad187f8ff12df151e6
entry	62656e63686d61726b732f7175616c6974795f73616d706c65732f42315f72746b5f726761692e747874	file	100644	3264	43170f6c5f4ac5d289ebc52a842c4e4c85accc3f0abc0d3b092d79c668a87d7d
entry	62656e63686d61726b732f7175616c6974795f73616d706c65732f42325f677265702e747874	file	100644	10764	03d56506292e0c61b0113baa0d432a33b3ad1517cf80e6b7221c40199747c890
entry	62656e63686d61726b732f7175616c6974795f73616d706c65732f42325f686561645f6e2e747874	file	100644	9143	71c890e9b45ac61fcadc1c9258d881c1e0e61b382e161e6850bf8be690f3aabb
entry	62656e63686d61726b732f7175616c6974795f73616d706c65732f42325f72746b5f677265702e747874	file	100644	5723	415e54461e33e69b99d8ed2381934c9a8a8bec9d4fa329a00eab65523bb04d08
entry	62656e63686d61726b732f7175616c6974795f73616d706c65732f42325f72746b5f726761692e747874	file	100644	2542	cbbc705dec425453bd3ff77e4188dfe0f53d33ee4eba313fdd99a131883fa294
entry	62656e63686d61726b732f7175616c6974795f73616d706c65732f42335f677265702e747874	file	100644	5347	14a692ed85b63b5f098abfa37a92bd8eb3095735d79c38a46bab32e8271ae433
entry	62656e63686d61726b732f7175616c6974795f73616d706c65732f42335f686561645f6e2e747874	file	100644	5347	14a692ed85b63b5f098abfa37a92bd8eb3095735d79c38a46bab32e8271ae433
entry	62656e63686d61726b732f7175616c6974795f73616d706c65732f42335f72746b5f677265702e747874	file	100644	3806	4b899a0cd58af77a98faccb0b5e03d3bf7231b0fee4e9d2c86cbc7121f78d074
entry	62656e63686d61726b732f7175616c6974795f73616d706c65732f42335f72746b5f726761692e747874	file	100644	2777	bfefc920f96f5934d387ce74685ea2ccbacca4f9e8bfd2266b94d25b4649991c
entry	62656e63686d61726b732f7175616c6974795f73616d706c65732f42345f677265702e747874	file	100644	2605	8ee3e1640d57b378d4d546992373834b5c01c5b8031123dd2cb5288d41149219
entry	62656e63686d61726b732f7175616c6974795f73616d706c65732f42345f686561645f6e2e747874	file	100644	2605	8ee3e1640d57b378d4d546992373834b5c01c5b8031123dd2cb5288d41149219
entry	62656e63686d61726b732f7175616c6974795f73616d706c65732f42345f72746b5f677265702e747874	file	100644	3098	fbfe0c6ba5380ac7c0375dc8b39387591ac4322c02b16620fc47cfe9509d4c66
entry	62656e63686d61726b732f7175616c6974795f73616d706c65732f42345f72746b5f726761692e747874	file	100644	2247	1e40b11eb5e551b321924c4130c52b6f0dd329ea879afea6bc7bb97d3bc88bc3
entry	62656e63686d61726b732f7175616c6974795f73616d706c65732f42355f677265702e747874	file	100644	751	b9022d8b4ce03d85a366d9c517200faf8c3e3835fde0645d9d6acdedb3b90171
entry	62656e63686d61726b732f7175616c6974795f73616d706c65732f42355f686561645f6e2e747874	file	100644	751	b9022d8b4ce03d85a366d9c517200faf8c3e3835fde0645d9d6acdedb3b90171
entry	62656e63686d61726b732f7175616c6974795f73616d706c65732f42355f72746b5f677265702e747874	file	100644	797	5662d32c584f26c5c656ddcbaec841ca01a0da2e7244b891328ff29d49d1749d
entry	62656e63686d61726b732f7175616c6974795f73616d706c65732f42355f72746b5f726761692e747874	file	100644	2771	1afedc36654a381a7d7743df64a548e7af0462224b64ecb716a3037fa4ef7e47
entry	62656e63686d61726b732f7175616c6974795f73616d706c65732f42365f677265702e747874	file	100644	930	445203286f4a91d78205ab0d67f56dbaf224b4b46c7e730730325d1b2b9c6edb
entry	62656e63686d61726b732f7175616c6974795f73616d706c65732f42365f686561645f6e2e747874	file	100644	930	445203286f4a91d78205ab0d67f56dbaf224b4b46c7e730730325d1b2b9c6edb
entry	62656e63686d61726b732f7175616c6974795f73616d706c65732f42365f72746b5f677265702e747874	file	100644	841	5f7961224ed44dcd8e25438765fa70a27feb6bc8a5540a5b82efc14f54f09738
entry	62656e63686d61726b732f7175616c6974795f73616d706c65732f42365f72746b5f726761692e747874	file	100644	2218	5cbaa550e45ed09247de77f56af315752ad41dfbdae63ca1c9dc2cc0afc50814
entry	62656e63686d61726b732f7175616c6974795f73616d706c65732f4331305f677265702e747874	file	100644	0	e3b0c44298fc1c149afbf4c8996fb92427ae41e4649b934ca495991b7852b855
entry	62656e63686d61726b732f7175616c6974795f73616d706c65732f4331305f686561645f6e2e747874	file	100644	0	e3b0c44298fc1c149afbf4c8996fb92427ae41e4649b934ca495991b7852b855
entry	62656e63686d61726b732f7175616c6974795f73616d706c65732f4331305f72746b5f677265702e747874	file	100644	45	03d4c5371bfc75d6c6f5fe95c3d7906b262a91526ca6acd48c3bd25fb41a9e2c
entry	62656e63686d61726b732f7175616c6974795f73616d706c65732f4331305f72746b5f726761692e747874	file	100644	806	7d3f3a8ca450a4db8a46eabec75a232292f9e650b309b5eef12a055be1cf8ef4
entry	62656e63686d61726b732f7175616c6974795f73616d706c65732f43315f677265702e747874	file	100644	0	e3b0c44298fc1c149afbf4c8996fb92427ae41e4649b934ca495991b7852b855
entry	62656e63686d61726b732f7175616c6974795f73616d706c65732f43315f686561645f6e2e747874	file	100644	0	e3b0c44298fc1c149afbf4c8996fb92427ae41e4649b934ca495991b7852b855
entry	62656e63686d61726b732f7175616c6974795f73616d706c65732f43315f72746b5f677265702e747874	file	100644	45	134a3fb486724989373e194a53e5a31b4dba0a9d3a6a7e0bc349aea20d2ae2a5
entry	62656e63686d61726b732f7175616c6974795f73616d706c65732f43315f72746b5f726761692e747874	file	100644	2801	ec559bbb34a5a33736ee57544076185ce5eb7e353fb26458fcabb095cbbace90
entry	62656e63686d61726b732f7175616c6974795f73616d706c65732f43325f677265702e747874	file	100644	0	e3b0c44298fc1c149afbf4c8996fb92427ae41e4649b934ca495991b7852b855
entry	62656e63686d61726b732f7175616c6974795f73616d706c65732f43325f686561645f6e2e747874	file	100644	0	e3b0c44298fc1c149afbf4c8996fb92427ae41e4649b934ca495991b7852b855
entry	62656e63686d61726b732f7175616c6974795f73616d706c65732f43325f72746b5f677265702e747874	file	100644	36	f387d61fefb306a609f44ac66d78378b004cbb6f85a49db539c8e9ce52a0f63a
entry	62656e63686d61726b732f7175616c6974795f73616d706c65732f43325f72746b5f726761692e747874	file	100644	2158	0456ac1bbd6a5acb436f8a7c73531d6fc4243410044e832bed3021ae310eaa89
entry	62656e63686d61726b732f7175616c6974795f73616d706c65732f43335f677265702e747874	file	100644	0	e3b0c44298fc1c149afbf4c8996fb92427ae41e4649b934ca495991b7852b855
entry	62656e63686d61726b732f7175616c6974795f73616d706c65732f43335f686561645f6e2e747874	file	100644	0	e3b0c44298fc1c149afbf4c8996fb92427ae41e4649b934ca495991b7852b855
entry	62656e63686d61726b732f7175616c6974795f73616d706c65732f43335f72746b5f677265702e747874	file	100644	43	6ba1adf5cb9afbe853ac04ee755d3a526b5806085afaa67a7ef33e51e4e54454
entry	62656e63686d61726b732f7175616c6974795f73616d706c65732f43335f72746b5f726761692e747874	file	100644	3112	7af9af31fc46368b583e4caadc5ab5be94d3ef696232933027307e5477ab75f8
entry	62656e63686d61726b732f7175616c6974795f73616d706c65732f43345f677265702e747874	file	100644	0	e3b0c44298fc1c149afbf4c8996fb92427ae41e4649b934ca495991b7852b855
entry	62656e63686d61726b732f7175616c6974795f73616d706c65732f43345f686561645f6e2e747874	file	100644	0	e3b0c44298fc1c149afbf4c8996fb92427ae41e4649b934ca495991b7852b855
entry	62656e63686d61726b732f7175616c6974795f73616d706c65732f43345f72746b5f677265702e747874	file	100644	37	a0b26d14cda1c13fdbe0ce00718bdd52ec0823490161f9201cf7a6226f5fb8b7
entry	62656e63686d61726b732f7175616c6974795f73616d706c65732f43345f72746b5f726761692e747874	file	100644	3348	23689bff2de3be6a4b3c9ccf12edbb93c9ba8633b7464906cf4110fd9e1e82c7
entry	62656e63686d61726b732f7175616c6974795f73616d706c65732f43355f677265702e747874	file	100644	0	e3b0c44298fc1c149afbf4c8996fb92427ae41e4649b934ca495991b7852b855
entry	62656e63686d61726b732f7175616c6974795f73616d706c65732f43355f686561645f6e2e747874	file	100644	0	e3b0c44298fc1c149afbf4c8996fb92427ae41e4649b934ca495991b7852b855
entry	62656e63686d61726b732f7175616c6974795f73616d706c65732f43355f72746b5f677265702e747874	file	100644	43	bc2714d399500a97762c871e3e75bf66bbfd0acf8422f8bf6ec257982b5326f7
entry	62656e63686d61726b732f7175616c6974795f73616d706c65732f43355f72746b5f726761692e747874	file	100644	2453	dcaf27054ab15bed260840a7e5200b67264b904c97972a52753745834f3537df
entry	62656e63686d61726b732f7175616c6974795f73616d706c65732f43365f677265702e747874	file	100644	0	e3b0c44298fc1c149afbf4c8996fb92427ae41e4649b934ca495991b7852b855
entry	62656e63686d61726b732f7175616c6974795f73616d706c65732f43365f686561645f6e2e747874	file	100644	0	e3b0c44298fc1c149afbf4c8996fb92427ae41e4649b934ca495991b7852b855
entry	62656e63686d61726b732f7175616c6974795f73616d706c65732f43365f72746b5f677265702e747874	file	100644	42	ce9da61e444578ff9b1a68990cf944307bd980a5e499cf4fdcb3969dc896f716
entry	62656e63686d61726b732f7175616c6974795f73616d706c65732f43365f72746b5f726761692e747874	file	100644	2139	9662cacdff803118e4cf7c081294eec9101e4e21d92a3e9dc267eb61b2729adc
entry	62656e63686d61726b732f7175616c6974795f73616d706c65732f43375f677265702e747874	file	100644	0	e3b0c44298fc1c149afbf4c8996fb92427ae41e4649b934ca495991b7852b855
entry	62656e63686d61726b732f7175616c6974795f73616d706c65732f43375f686561645f6e2e747874	file	100644	0	e3b0c44298fc1c149afbf4c8996fb92427ae41e4649b934ca495991b7852b855
entry	62656e63686d61726b732f7175616c6974795f73616d706c65732f43375f72746b5f677265702e747874	file	100644	45	92b45cd81c1a4ad439e726829cf162659c6c025cc400126110cff6c5d4b91296
entry	62656e63686d61726b732f7175616c6974795f73616d706c65732f43375f72746b5f726761692e747874	file	100644	2940	cac076b7ca924474915a02418bc2aa56188c7b6108706ece2e5976d680e97173
entry	62656e63686d61726b732f7175616c6974795f73616d706c65732f43385f677265702e747874	file	100644	0	e3b0c44298fc1c149afbf4c8996fb92427ae41e4649b934ca495991b7852b855
entry	62656e63686d61726b732f7175616c6974795f73616d706c65732f43385f686561645f6e2e747874	file	100644	0	e3b0c44298fc1c149afbf4c8996fb92427ae41e4649b934ca495991b7852b855
entry	62656e63686d61726b732f7175616c6974795f73616d706c65732f43385f72746b5f677265702e747874	file	100644	45	6476773ea61351972943afcafae5fb73f8be6f054c2e7e9799aae7c291a65970
entry	62656e63686d61726b732f7175616c6974795f73616d706c65732f43385f72746b5f726761692e747874	file	100644	2867	1c5b780cf0fcd83582c76e4a204635c4bb12bb8dd5d7847f9cc8a21e6421c3d9
entry	62656e63686d61726b732f7175616c6974795f73616d706c65732f43395f677265702e747874	file	100644	0	e3b0c44298fc1c149afbf4c8996fb92427ae41e4649b934ca495991b7852b855
entry	62656e63686d61726b732f7175616c6974795f73616d706c65732f43395f686561645f6e2e747874	file	100644	0	e3b0c44298fc1c149afbf4c8996fb92427ae41e4649b934ca495991b7852b855
entry	62656e63686d61726b732f7175616c6974795f73616d706c65732f43395f72746b5f677265702e747874	file	100644	42	9f226bbfabe087944ae9539af819b3d20f08965aa1ec4fbe83f6401c180cf1aa
entry	62656e63686d61726b732f7175616c6974795f73616d706c65732f43395f72746b5f726761692e747874	file	100644	2682	9f1c6fd505c70737ad0eac7a52d29b6375c8f680863c46cc7b184cd3cd8ab19c
entry	62656e63686d61726b732f7175616c6974795f73616d706c65732f44315f677265702e747874	file	100644	6540	c1d55ffa71d43226ccaa5a6c1cdbb20f9c13d816d3d7e3326d953964be7765c4
entry	62656e63686d61726b732f7175616c6974795f73616d706c65732f44315f686561645f6e2e747874	file	100644	6540	c1d55ffa71d43226ccaa5a6c1cdbb20f9c13d816d3d7e3326d953964be7765c4
entry	62656e63686d61726b732f7175616c6974795f73616d706c65732f44315f72746b5f677265702e747874	file	100644	4307	f3fa9b4811530cf8a08c949d455996b1e99258ebe61a54cea6efa7acab60bee2
entry	62656e63686d61726b732f7175616c6974795f73616d706c65732f44315f72746b5f726761692e747874	file	100644	2238	19a13f180199315ee08c989f196e36dd8742b08002f7dd649cb2dd84ebfa5839
entry	62656e63686d61726b732f7175616c6974795f73616d706c65732f44325f677265702e747874	file	100644	753	c9c3f98e487b4144ff0b5f827f16884cd9dbe4e801a807de3497fdcb6033b49b
entry	62656e63686d61726b732f7175616c6974795f73616d706c65732f44325f686561645f6e2e747874	file	100644	753	c9c3f98e487b4144ff0b5f827f16884cd9dbe4e801a807de3497fdcb6033b49b
entry	62656e63686d61726b732f7175616c6974795f73616d706c65732f44325f72746b5f677265702e747874	file	100644	954	50d290dc3c21379ae93e72baef460651dd107edb73d39ead2eb1656c7e9ec166
entry	62656e63686d61726b732f7175616c6974795f73616d706c65732f44325f72746b5f726761692e747874	file	100644	2416	8d2976df3569f829b9ae410f7f354d281bfa0554ff43ecd0ad1cf8cfff10b3f8
entry	62656e63686d61726b732f7175616c6974795f73616d706c65732f44335f677265702e747874	file	100644	5234	6f40dc0f4ac9c875e020d8befc41075ea238864d37539d4e91f01bcbd6d1f80c
entry	62656e63686d61726b732f7175616c6974795f73616d706c65732f44335f686561645f6e2e747874	file	100644	5234	6f40dc0f4ac9c875e020d8befc41075ea238864d37539d4e91f01bcbd6d1f80c
entry	62656e63686d61726b732f7175616c6974795f73616d706c65732f44335f72746b5f677265702e747874	file	100644	3682	901d76997a103512bbb63be279e043b32c1571ec5e0ed1d28ccce72ffa9863c0
entry	62656e63686d61726b732f7175616c6974795f73616d706c65732f44335f72746b5f726761692e747874	file	100644	2538	48bbbcabf88e753916af0f9b56bd25a3710545ceda3122dbf9a6a2603e34ec45
entry	62656e63686d61726b732f7175616c6974795f73616d706c65732f44345f677265702e747874	file	100644	9867	3f182dd27da93cee2f04c90efd37946896b33751d8ec36b1a6aa9cbc315330db
entry	62656e63686d61726b732f7175616c6974795f73616d706c65732f44345f686561645f6e2e747874	file	100644	8937	4ae6c266c6e7f9678187b1c41de554cc373be06295afdb9d6f81c1edaf8c3f90
entry	62656e63686d61726b732f7175616c6974795f73616d706c65732f44345f72746b5f677265702e747874	file	100644	5321	dab1b793631587f59783303e95d6372429d666ce8d7d04d4ad3ef758be012bb2
entry	62656e63686d61726b732f7175616c6974795f73616d706c65732f44345f72746b5f726761692e747874	file	100644	2283	dde11f640fefb9604cdac13a832b0f4d4e84c8320090117b2c404967ac4c1372
entry	62656e63686d61726b732f7175616c6974795f73616d706c65732f44355f677265702e747874	file	100644	17304	8e41f5a770b16f57d7708caa76a2d7ba6f677bf9dec9829780fdbef12dc2b53d
entry	62656e63686d61726b732f7175616c6974795f73616d706c65732f44355f686561645f6e2e747874	file	100644	10775	8e5146b0cb832b8d5a95848ab1f356d880b107a1d45c2ab9bb0ce01dbfefb25f
entry	62656e63686d61726b732f7175616c6974795f73616d706c65732f44355f72746b5f677265702e747874	file	100644	8386	482116255072beb37a869099e11d07915db9566657241e60c5097cbc00eb7c02
entry	62656e63686d61726b732f7175616c6974795f73616d706c65732f44355f72746b5f726761692e747874	file	100644	2767	af044b1c5f5ab130c89ab076e653b1bb03c593ff8961eee7f3a27aea7ac2a760
entry	62656e63686d61726b732f7175616c6974795f73616d706c65732f45315f677265702e747874	file	100644	19971	60ba0dd21ccfd565ddf216b35c1c30aa66f3fdda8f944c895c57055dfa4fe13d
entry	62656e63686d61726b732f7175616c6974795f73616d706c65732f45315f686561645f6e2e747874	file	100644	11771	e0bad92694d5b72948fe1eecef38a11aa893cd3c763f762f06444d5e684d76d8
entry	62656e63686d61726b732f7175616c6974795f73616d706c65732f45315f72746b5f677265702e747874	file	100644	11273	fe720e987b4e192fd7cd27091a4ac25a36f8beb648ed5126193715ff0797cdeb
entry	62656e63686d61726b732f7175616c6974795f73616d706c65732f45315f72746b5f726761692e747874	file	100644	2359	8cb69e430eb99f9c398e8d17cf17b14018c0c2d641eef57eb4dbd39ca612a6c8
entry	62656e63686d61726b732f7175616c6974795f73616d706c65732f45325f677265702e747874	file	100644	77939	fd361b068f0c8aa318476a234299ff7ba49bf6106b9672b589ba2c8516bc57b1
entry	62656e63686d61726b732f7175616c6974795f73616d706c65732f45325f686561645f6e2e747874	file	100644	10320	c3c9c98123066e70604c6ecf2b79b5d61478489c8bdadb4db1363e8ead4e113f
entry	62656e63686d61726b732f7175616c6974795f73616d706c65732f45325f72746b5f677265702e747874	file	100644	12744	f8fc6e00724ec2f4648aa6f5f91f7f0236361f005e51d81ac54573bfc04a1dbb
entry	62656e63686d61726b732f7175616c6974795f73616d706c65732f45325f72746b5f726761692e747874	file	100644	2733	e67a5593d3af0cad5f53287a18bbd05b94a07264ead4a7fa305b618d99e67e56
entry	62656e63686d61726b732f7175616c6974795f73616d706c65732f45335f677265702e747874	file	100644	0	e3b0c44298fc1c149afbf4c8996fb92427ae41e4649b934ca495991b7852b855
entry	62656e63686d61726b732f7175616c6974795f73616d706c65732f45335f686561645f6e2e747874	file	100644	0	e3b0c44298fc1c149afbf4c8996fb92427ae41e4649b934ca495991b7852b855
entry	62656e63686d61726b732f7175616c6974795f73616d706c65732f45335f72746b5f677265702e747874	file	100644	42	1b7467d1755260046e38f92238ab4c7ab9f39116e19a7e697bb3ad59728716ee
entry	62656e63686d61726b732f7175616c6974795f73616d706c65732f45335f72746b5f726761692e747874	file	100644	2340	83c52ad3ed9dcd1c92fe3ec1b008c79bac45302b8a951b791478f6ab1a789be9
entry	62656e63686d61726b732f726573756c74735f656e762e747874	file	100644	489	77896a94d6cc9531cd7952b73ef991a6014da0c7d0b1b2a048b0809a2eada932
entry	62656e63686d61726b732f726573756c74735f7261772e637376	file	100644	39889	39bf7f6d2852f1b9f4f7926408153a3594b7b262c2db70bd0f14d345f5ad82c8
entry	62656e63686d61726b732f74657374732f5f5f696e69745f5f2e7079	file	100644	0	e3b0c44298fc1c149afbf4c8996fb92427ae41e4649b934ca495991b7852b855
entry	62656e63686d61726b732f74657374732f746573745f616e616c797a655f636f64652e7079	file	100644	16562	31c9e3399c2888397b07acb45fee520d216e897e8aaf4aa312452a971f67dc1c
entry	62656e63686d61726b732f77726974652f524553554c54532e6d64	file	100644	2648	603d91cf4088718f8509f27587bc53251a4ad30d184f7617e7566ba858f52b66
entry	62656e63686d61726b732f77726974652f616e616c797a655f77726974652e7079	file	100755	7787	614ec6f962b14184cf82f09e6fe8e669b143d01e97274583a0bc9ef76244c9ad
entry	62656e63686d61726b732f77726974652f62656e63685f77726974652e7368	file	100755	3576	741d2624ce95687ec37e94c0f36f582f0027cf7433024f5aef44b49253cd76fc
entry	62656e63686d61726b732f77726974652f726573756c74735f656e762e747874	file	100644	339	bbeedf103b68b3d3ed4b4e161407acd7ed22d3610b3a00e2dfdef15e2b33ce52
entry	62656e63686d61726b732f77726974652f726573756c74735f7261772e637376	file	100644	4383	148202ce9e5fd130f1fbb9004456a4bb79eab3d19ec142f3eeb3a725081163ba
entry	62656e63686d61726b732f77726974652f74657374732f5f5f696e69745f5f2e7079	file	100644	47	70b0aac676a86670bcabb2595e534d075f763805bbce228f821cf55691b405cb
entry	62656e63686d61726b732f77726974652f74657374732f746573745f616e616c797a655f77726974652e7079	file	100644	3762	f12c878e59e408b30be21c3a1ef5455423424a484f565f85f73cee6ce9766bc2
entry	6275696c642e7273	file	100644	3194	4b32a8828557f097cecb0c0c434c45b456a68c1ce2178d720bafa88de758fec8
entry	646f63732f41554449545f47554944452e6d64	file	100644	12550	c6ede357e26491453205868655b811bb273d4b4aaab884485b7f9fa3f51ac894
entry	646f63732f54524f55424c4553484f4f54494e472e6d64	file	100644	5971	b44498db89c6dd20c86fd22157f956523a50c830c594d40b489ea232988b9653
entry	646f63732f6164722f4144522d303030312d696e74656e742d6d656d6f72792d67726170682e6d64	file	100644	1636	d950cea11607f74b34460a64cf98cb73ad2d44a7a3123e121f9d99439fc32c61
entry	646f63732f6164722f4144522d303030322d6879627269642d72657472696576616c2d72616e6b696e672e6d64	file	100644	1569	91fd49e23f35c6efbb736609086273f4bf285a8050ad541a5c34237585f49caa
entry	646f63732f6164722f4144522d303030332d6c6f63616c2d6d6c2d6f6c6c616d612e6d64	file	100644	1460	d88822b81c21a7b1f0d394905a67b3373b22f2b631eaed172ab5ab341a8b5dcb
entry	646f63732f6164722f4144522d303030342d6275646765742d61776172652d636f6e746578742e6d64	file	100644	1586	b997c7af188054e7b9b0379fc75104efa6f5070d937d2fac0b34b2da8b59f664
entry	646f63732f6164722f4144522d303030352d657069736f6469632d63617573616c2d6d656d6f72792e6d64	file	100644	1623	a2cdd1661cba6ba785afaa1eb4e764e4f108715c7d98f15cc4b1a555f4ce0493
entry	646f63732f6164722f4144522d303030362d6d656d6f72792d6c617965722d646576656e762d6f62736572766162696c6974792e6d64	file	100644	4472	8f28097c6a59e28645c44097b58a5fc2e28fc3f3956ad113fa0fa4592606a3e2
entry	646f63732f696d616765732f6761696e2d64617368626f6172642e6a7067	file	100644	244812	dcbbb286fbb891fe39666e2723f1a9cc43cb0008c50dc3f31a3199b208681f4b
entry	646f63732f6973737565732f32303236303231365f3233303235395f706572662d7265706f72742e6d64	file	100644	3466	e9511409ed1c6737da2a08ef5a35293680a6e7547d6ab17aef83af9f68424c9b
entry	646f63732f6973737565732f32303236303231365f3233353432315f706572662d7265706f72742e6d64	file	100644	5467	f52dcb256190024ef2a0230dcd1731e1b093b6d4723e127deb8aef5f5a35ed27
entry	646f63732f6973737565732f32303236303231375f3133343733315f706572662d7265706f72742e6d64	file	100644	5001	77321d26e7bbd7ffb37cf217499819ddb5504fb325b7d84995a732b3e683eae7
entry	646f63732f6973737565732f32303236303231385f3030333733345f706572662d7265706f72742e6d64	file	100644	3643	9e83b6c812459194458b365bf311edf3ea938f7c20882478072a6ae32689da91
entry	646f63732f6973737565732f32303236303231385f3132303030305f6d656d6f72792d6c617965722d706572662d7265706f72742e6d64	file	100644	3309	aaff387690f341389e5c612a626d393bd685635feea2ee67cb8bd38bddecc5bf
entry	646f63732f6973737565732f32303236303231385f3132333333355f706572662d7265706f72742e6d64	file	100644	1916	4c2b5934c3eae2029673e5709a1d310fb3d8a26bc86fc1fd8380f8c2db80ab7a
entry	646f63732f6973737565732f32303236303231385f3135303030305f6d656d6f72792d6c617965722d706572662d7265706f72742e6d64	file	100644	7733	67f4215acd7a4f9c6575d902d1b781a455d455ec3a1b58c2a0a0181c2dbbe736
entry	646f63732f6973737565732f32303236303231395f3131353230305f706572662d7265706f72742e6d64	file	100644	5933	8ed01753afd1766be3ce136ba6b5cb2f3d709141efd63ed0519425cfa897ce65
entry	646f63732f6973737565732f32303236303231395f3132303030305f706572662d7265706f72742e6d64	file	100644	8151	96fe3f0677b3c0dbf3586919aff32aa5103f4a67f54939006e40c148921d6d91
entry	646f63732f6973737565732f32303236303231395f3133313531325f706572662d7265706f72742e6d64	file	100644	2792	1a2cb86720dc56ad3b789ab30736b9bf864dcaa8530f87ead415f6facdd10c14
entry	646f63732f6973737565732f32303236303231395f3138303030305f706572662d7265706f72742e6d64	file	100644	7231	9a0b2329444d2ccf9dc61ff3dcda817de2365b2c3c8a7051092ae10121ff6cff
entry	646f63732f6973737565732f32303236303231395f3230303030305f67726170682d66697273742d706970656c696e652d706572662d7265706f72742e6d64	file	100644	7817	0cfbbbd515699a3b6e1973bcfc2ec4bc18af38e4118304bd8eebedd2a635d21a
entry	646f63732f6973737565732f32303236303231395f3230303030305f706572662d7265706f72742e6d64	file	100644	9206	8c172b283adba831499d587d315cc10a45d9948de56962f4c28f404bfe835bc8
entry	646f63732f6973737565732f32303236303231395f3231303030305f6d656d6f72792d6c617965722d6172636869746563747572652d706572662d7265706f72742e6d64	file	100644	8195	01aa88b25abb99ae8946a7c5003640a7dce49684461864e0dd04f1a376fae60d
entry	646f63732f6973737565732f32303236303232305f3030333730395f706572662d7265706f72742e6d64	file	100644	5270	8683124f78efd33e7a03c441cb4b157da73c7b0388379473a01b3565c479bf92
entry	646f63732f6973737565732f32303236303232305f3134303030305f706572662d7265706f72742e6d64	file	100644	6099	e588a91ce29beb02aa9b0f185e161d85bf5d49a138dfb33ff16afd6b0ffc0fb4
entry	646f63732f6973737565732f32303236303733315f3138323731345f687a722d706c6174666f726d2d706572662d7265706f72742e6d64	file	100644	22216	8df006f3b32078c919936a902b20723fca6985f355196e4cf81d1544af053e04
entry	646f63732f6d656d6f72792d6c617965722d756e697175652e6d64	file	100644	3100	0894a74eded7a8cba40375131f8a396204b4a7b22abd1708d94c08e48c003c6f
entry	646f63732f6e65772d636f6d6d616e64732e6d64	file	100644	13906	6ced7f105f78c6e3be98cd04356b99dd3e861e7aa7a2c7592a24ef883bb2fccd
entry	646f63732f7072642d6d656d6f72792d6f62736572766162696c6974792e6d64	file	100644	9848	9c520a1b034bf5d9b798a4aa8a65051ee0aa3364567cd1a339c5f977b33988f7
entry	646f63732f726561642d696d70726f76656d656e74732e6d64	file	100644	18288	90e3e2110a02adc39e2fa66c1d90b54266808ba86c3ac1ca5719d4b93fc07c4a
entry	646f63732f72656275696c642d6d656d6f72792d7072642e6d64	file	100644	9246	3c71759e8639982f466710b01eaeafd477bf994c841e81009bdd8ecb22f7c5e4
entry	646f63732f7265766965772f32303236303231365f3233303235395f72746b2d7373685f436f64652d5265766965772e6d64	file	100644	5613	801d82f8f397f2ead8dcabbb0a76d3dcade9fb66e618bed79fae8076010ac67a
entry	646f63732f7265766965772f32303236303231365f3233353432315f6772657061692d72746b2d686f6f6b5f436f64652d5265766965772e6d64	file	100644	6078	5cc6496beb1a4e3265a860e9e28206198c3c10f13c52c78155a6c325437a0c97
entry	646f63732f7265766965772f32303236303231375f3133343733315f77726974652d696d70726f76656d656e74735f436f64652d5265766965772e6d64	file	100644	7544	ac9410fbfc95ba73dc04d20914886a1891eb90fe348098ead299cb6c38b90924
entry	646f63732f7265766965772f32303236303231385f3030333733345f72746b2d6d656d6f72792d6c617965725f436f64652d5265766965772e6d64	file	100644	9424	ae91b0cd86185a860231f99f41a3edf4acbffe8051b6bfd623bbdf826572af0c
entry	646f63732f7265766965772f32303236303231385f3132303030305f72746b2d6d656d6f72792d6c617965722d7072642d636f6d706c69616e63655f436f64652d5265766965772e6d64	file	100644	25547	fb3ac393a4ad9add8336dccd11586f75357ad5d77d47a1313dbf69a853b0691d
entry	646f63732f7265766965772f32303236303231385f3132333333355f72746b2d6d656d6f72792d6c617965722d66696e616c2d636f6d706c69616e63655f436f64652d5265766965772e6d64	file	100644	3989	08f3ce26981465af9b88d706166ac9f7a495853f4478d93612d544788d9049d5
entry	646f63732f7265766965772f32303236303231385f3135303030305f72746b2d6d656d6f72792d6c617965722d6172636869746563747572655f436f64652d5265766965772e6d64	file	100644	25275	f6e9bd916994c6c7c75d8c81e27b22e116044c4bbfdc579521bca4d70e51b3e6
entry	646f63732f7265766965772f32303236303231395f3131353230305f6d656d6f72792d6c617965722d7375626167656e74732d696e69745f436f64652d5265766965772e6d64	file	100644	8682	c1c7653553ac67c836d4896a6881ee3ef24888bd6f950c4033971d126c961d0c
entry	646f63732f7265766965772f32303236303231395f3132303030305f72746b2d66756c6c2d6172636869746563747572655f436f64652d5265766965772e6d64	file	100644	21811	b918874832930cd2b0ada78edf8855b3dda87e1dd950c226bf1dba2eab6d4eda
entry	646f63732f7265766965772f32303236303231395f3133313531325f6d656d6f72792d6f62736572766162696c6974795f436f64652d5265766965772e6d64	file	100644	6636	22fb887f9ba2b90f54d153610c9a20f39253346623ab89c3b2e0f0ff4e9d9538
entry	646f63732f7265766965772f32303236303231395f3138303030305f72746b2d6d656d6f72792d6c617965722d7072642d636f6d706c69616e63655f436f64652d5265766965772e6d64	file	100644	17872	aa76486baee2851548b7977cb32161c7127a33eb1e701c46d27bc172d21e7320
entry	646f63732f7265766965772f32303236303231395f3230303030305f6d656d6f72792d6c617965722d646565702d616e616c797369735f436f64652d5265766965772e6d64	file	100644	20701	182cb1008cd14ac7e667f325de41bd349281579ce35998a0e05ee9c4f4e6c3d6
entry	646f63732f7265766965772f32303236303231395f3230303030305f6d656d6f72792d6c617965722d67726170682d66697273742d706970656c696e655f436f64652d5265766965772e6d64	file	100644	16995	36856e74c78dc8d4076c8ac648c09697a9f07744f4dacfb545135b0876d0b341
entry	646f63732f7265766965772f32303236303231395f3230303030305f72746b2d727573742d7175616c6974792d61756469745f436f64652d5265766965772e6d64	file	100644	20853	637e202312e2b7eafcd774ba0c35d3e97c6d252ab22f8a2fd0f373d8ef112f0c
entry	646f63732f7265766965772f32303236303231395f3231303030305f6d656d6f72792d6c617965722d6172636869746563747572655f436f64652d5265766965772e6d64	file	100644	12155	4f176a468f6d80908a1e51360489bfbcce1a09b76ae3d1079005b9e5d4f82e8f
entry	646f63732f7265766965772f32303236303232305f3030333730395f6d656d6f72792d6c617965722d6172636869746563747572655f436f64652d5265766965772e6d64	file	100644	11483	4aa6db1a7ebaeb8b8ee8c55b97790456c368e4dd58010eed3883532e9177eae8
entry	646f63732f7265766965772f32303236303232305f3134303030305f6d656d6f72792d6c617965722d6172636869746563747572655f436f64652d5265766965772e6d64	file	100644	10982	278665e3e1119bc0ba5e69fef081a72745b8cfd85394169ad9932a5b9cf6d306
entry	646f63732f7265766965772f32303236303733315f3138323731345f687a722d756e69666965642d706c6174666f726d5f436f64652d5265766965772e6d64	file	100644	22198	c6af3561ec2b51347cbbf3d79e535203e7fac501fd46a02f4910aa6e548abaf1
entry	646f63732f72746b2d6d656d6f72792d76302e312e6d64	file	100644	4948	b3d5e1943c338848a1853cc61a16569967ddf8c30e138a09288aa117b74f5e79
entry	646f63732f747261636b696e672e6d64	file	100644	15363	c814f3a2b80e9781341c6e55352af20e94031c68d30e1984810c725346835d78
entry	646f63732f77726974652d696d70726f76656d656e74732e6d64	file	100644	19794	20c76119b1a92f6bb6b82297535f5f4ea41302a212cf56ca5c784ccab23cf6af
entry	686f6f6b732f72746b2d61776172656e6573732d636f6465782e6d64	file	100644	821	40c4ef8dbc2ddc3514656cb5fa474bebfa4cbe4d7c894c5cfa7ce7be4de428a1
entry	686f6f6b732f72746b2d61776172656e6573732e6d64	file	100644	2042	6f19b794feeba75b9bd851faed80d2c57df118bdd1bd8695acd61ce2c3d3d6e8
entry	686f6f6b732f72746b2d61776172656e6573732e6d642e72746b2d6c6f636b	file	100644	0	e3b0c44298fc1c149afbf4c8996fb92427ae41e4649b934ca495991b7852b855
entry	686f6f6b732f72746b2d626c6f636b2d6e61746976652d6578706c6f72652e7368	file	100755	1735	8e2f45a35454b97d7483cb39e793d5616e88df3c13b9b52b834c954ce2d17dbd
entry	686f6f6b732f72746b2d696e737472756374696f6e732e6d64	file	100644	2367	53795c1a0a4f938a3babae59dd93ac366f6539e945384435ff07d16c5c6157a8
entry	686f6f6b732f72746b2d6d656d2d636f6e746578742e7368	file	100755	8151	0a490bf929af44ec9a7527e34fdd83e303e84a32685e897b0f6317b5520af3a4
entry	686f6f6b732f72746b2d6d656d2d636f6e746578742e73682e72746b2d6c6f636b	file	100644	0	e3b0c44298fc1c149afbf4c8996fb92427ae41e4649b934ca495991b7852b855
entry	686f6f6b732f72746b2d726577726974652e7368	file	100644	783	aea28a5890705563392ee57e79e31a3d247a488bef6f0b0748faabaace90388d
entry	686f6f6b732f72746b2d726577726974652e73682e72746b2d6c6f636b	file	100644	0	e3b0c44298fc1c149afbf4c8996fb92427ae41e4649b934ca495991b7852b855
entry	686f6f6b732f746573742d72746b2d726577726974652e7368	file	100644	1999	97925de1ee30b99d66fa35f1c0aade42c7dc34264d7562fa5cf01e5f464f8917
entry	686f6f6b732f746573742d72746b2d726577726974652e73682e72746b2d6c6f636b	file	100644	0	e3b0c44298fc1c149afbf4c8996fb92427ae41e4649b934ca495991b7852b855
entry	696e7374616c6c2e7368	file	100644	2732	d712923acea648ef64131174cebb9e72fba932df12e1937e7dc2389bdd86ad88
entry	72656c656173652d706c656173652d636f6e6669672e6a736f6e	file	100644	181	77f702156220b252d9691151ae5a3b8bf99a1ed8e409ca6e2007f83e0aacbe3d
entry	72746b2d6275696c642e7368	file	100755	160	6e66dc4060ee78f942ef31e4fcfb19767c2322013debbbab47496d3d917959f2
entry	736372697074732f62656e63686d61726b2e7368	file	100755	14641	8fc1aa9d8b6989891e334f769e548a7431addb6a92baeb03ebe8c7660c9f0160
entry	736372697074732f636865636b2d696e7374616c6c6174696f6e2e7368	file	100755	6152	d1ee748ca376274669af1a94f32c17cfce3c0ef19f16b65eb38756dd64476696
entry	736372697074732f696e7374616c6c2d6c6f63616c2e7368	file	100755	1457	06ae121306c9773c1271db66fb76f80fb24946fd1c84ee0dacefff796fcdda55
entry	736372697074732f72746b2d65636f6e6f6d6963732e7368	file	100755	5681	7f2f20d845c575deddf5cd161da2da6a587a3dacab42a2ba1a1d8609d890bf8c
entry	736372697074732f73796e632d6172636869746563747572652d6d6f64756c65732e7368	file	100755	977	d0410537f0b9b589a314735385eb0b4c25eb48441cfe73df8daf0816a48633ce
entry	736372697074732f746573742d616c6c2e7368	file	100755	18902	5ea75363299bebb5acb5c5da323f96d8793a5f0ca0c511cc6a16a0310a93a5ff
entry	736372697074732f746573742d61726973746f74652e7368	file	100755	8919	c18024df36312088e2228358d61437f8f0edc6e67cdc63b571866e1090374f20
entry	736372697074732f746573742d747261636b696e672e7368	file	100755	2515	8a6c5128f5c5f985e1d2a110e8b2ee507bada7c7ad109d3e0984b3eb66db8a6a
entry	736372697074732f7570646174652d726561646d652d6d6574726963732e7368	file	100755	790	6c608eb76727bcb8ad2f7b1686d69a4b7680eaedd0e5b0e506fc967aa7efa663
entry	736372697074732f76616c69646174652d646f63732e7368	file	100755	2437	12264ad324513499455e5486084f3614e3516100d97d777c6d238f3369894c44
entry	736372697074732f76616c69646174652d646f63732e73682e72746b2d6c6f636b	file	100644	0	e3b0c44298fc1c149afbf4c8996fb92427ae41e4649b934ca495991b7852b855
entry	7372632f617267735f7574696c732e7273	file	100644	9186	f7aeba044a6633ac5e424d0e0f645e0ff889b5ff570ca5c0d8139f61b302ea43
entry	7372632f6177735f636d642e7273	file	100644	29916	266eafb2b8ff12f7e126d9964b5e7008c1affdcaa0491a942acdecbf1606aa65
entry	7372632f62696e2f77726974655f62656e63685f746f6f6c2e7273	file	100644	3591	fab92826c888743c21733a5ff2e844ba854af978a64d95325a98a3bca88d82fc
entry	7372632f62696e2f77726974655f62656e63685f746f6f6c2e72732e72746b2d6c6f636b	file	100644	0	e3b0c44298fc1c149afbf4c8996fb92427ae41e4649b934ca495991b7852b855
entry	7372632f6275696c645f636d642e7273	file	100644	14126	8db48a7d7645a2acf93386dfea1c1ad707b80a26faba5bf034678c0cce533afa
entry	7372632f62756e5f636d642e7273	file	100644	14301	89cd16c17b5f28d2d7e0952ae0ba14f2d9f9c6459fad510a86563f570983b347
entry	7372632f636172676f5f636d642e7273	file	100644	75143	286b2cd7b40e718c0f2bce716f9802744103af9c155b4f5e234ea31b5360dd97
entry	7372632f636172676f5f636d642e72732e72746b2d6c6f636b	file	100644	0	e3b0c44298fc1c149afbf4c8996fb92427ae41e4649b934ca495991b7852b855
entry	7372632f63635f65636f6e6f6d6963732e7273	file	100644	38492	35b5242b8679f03c562fdb5063713ded92017e89f60084b0d4449d4a2d30d1a2
entry	7372632f63635f65636f6e6f6d6963732e72732e72746b2d6c6f636b	file	100644	0	e3b0c44298fc1c149afbf4c8996fb92427ae41e4649b934ca495991b7852b855
entry	7372632f636375736167652e7273	file	100644	10043	27e9f215fc4b3aa18d662b97cac5c436a2b3100bc4fd0895d63f4d20125ae9ba
entry	7372632f636f6e6669672e7273	file	100644	15147	619ea4fc18b46413e2bb8e1e1cf78cf68dad601b2c4d457d404ec978c51017af
entry	7372632f636f6e6669672e72732e72746b2d6c6f636b	file	100644	0	e3b0c44298fc1c149afbf4c8996fb92427ae41e4649b934ca495991b7852b855
entry	7372632f636f6e7374616e74732e7273	file	100644	233	af0a3635c7c40660d563efd10c1859b31c02c310994bcd86ddb889cc91bc9f94
entry	7372632f636f6e7461696e65722e7273	file	100644	33227	f06be76c433611cee47a841855a49940ddfec11a7914724496854f458cfc3d6d
entry	7372632f636f6e7461696e65722e72732e72746b2d6c6f636b	file	100644	0	e3b0c44298fc1c149afbf4c8996fb92427ae41e4649b934ca495991b7852b855
entry	7372632f6372615f636d642e7273	file	100644	13480	0ef738886751811753d8d5180adb5f6ecbe7262e077fa7640fcbdc5a3a6289bd
entry	7372632f6375726c5f636d642e7273	file	100644	9180	b8a2b273656a5d83f4c0833cece5d5725c1f2dc383acfae4099455111d0d20f3
entry	7372632f646570732e7273	file	100644	9098	598e7cd0903b3b0c6932e16e6d8a03a5f0ddf5d53eac72a706ca0da4283a6e35
entry	7372632f646961675f73756d6d6172792e7273	file	100644	6590	df1f050365405127dee9fbf6224ac1e36ef58f8e5e1db9aecb3169cbba1df75a
entry	7372632f646966665f636d642e7273	file	100644	10829	93667c7d94a4bb23ea88fe1109a4a9c46cff6cf90ad51cafa2d65672445a585a
entry	7372632f646973636f7665722f6c657865722e7273	file	100644	50644	2be3d9b23d5547fa5d8efd187db570b5e41e9bb79d11b43711ec319b88b04838
entry	7372632f646973636f7665722f6d6f642e7273	file	100644	10891	8073380fd2085a010a538525dbe1fe11bae4993d4aa3a5bf333da27118f7a8d1
entry	7372632f646973636f7665722f70726f76696465722e7273	file	100644	17763	0a1be0cca5be67c5804d6c3b1a23221c785034ce98bae0df1b018258c44129b4
entry	7372632f646973636f7665722f70726f76696465722e72732e72746b2d6c6f636b	file	100644	0	e3b0c44298fc1c149afbf4c8996fb92427ae41e4649b934ca495991b7852b855
entry	7372632f646973636f7665722f72656769737472792e7273	file	100644	206585	e902f19cbd2a762f6f9eb9c82b5740c7a5eba88e62adbea7d9ccab63a16670d1
entry	7372632f646973636f7665722f72656769737472792e72732e72746b2d6c6f636b	file	100644	0	e3b0c44298fc1c149afbf4c8996fb92427ae41e4649b934ca495991b7852b855
entry	7372632f646973636f7665722f7265706f72742e7273	file	100644	5857	57c4037db703b34c29143a1ec01d8c46e744abf33fb3f0ad383b522f26c6a942
entry	7372632f646973636f7665722f72756c65732e7273	file	100644	31605	da89c67f0a8c401e7777e89020c9c04496711bfee5c1f700e4270b8dbe863156
entry	7372632f646973706c61795f68656c706572732e7273	file	100644	9732	73027cae84b7cdd284b37127b13af85b5d0957763a51894b14e71db75d60de83
entry	7372632f656e765f636d642e7273	file	100644	6054	c7ff75be851fdeb8d8f1255756028ff4a817b1548bbe09909a1dcdd3fea2d4d4
entry	7372632f666964656c6974792e7273	file	100644	2345	a34d2aa05054878511ad7cbd69ec7a60686d9550ce9d632d198421c16e55835c
entry	7372632f66696c7465722e7273	file	100644	12378	db9250d1e9112d98b693091256a56df258417ef1baf23f3e3583059bd4d30509
entry	7372632f66696c746572732f616e7369626c652d706c6179626f6f6b2e746f6d6c	file	100644	1696	5a6c880f1baf60399b4afece9eb2f0761e599bb1cb050dbf8c4cc4a57527c7e2
entry	7372632f66696c746572732f6261736564707972696768742e746f6d6c	file	100644	1621	f6df2dfffb311a193194d74f8a536dd006913c038b97af20d1aa301400eeb410
entry	7372632f66696c746572732f62696f6d652e746f6d6c	file	100644	1598	b476a13b4cf253c4aa4968cf5192ef3e61b352ee2db0a4f054bdc09ec5d4b04b
entry	7372632f66696c746572732f627265772d696e7374616c6c2e746f6d6c	file	100644	1106	9ce35afac31248db32e2033a88bfb32ae9d64ce4700a4c9faa0effb490bbafdf
entry	7372632f66696c746572732f62756e646c652d696e7374616c6c2e746f6d6c	file	100644	1780	a7d30de10243d7fb49e42800c6fc1c4fa38f1a30279e8ad1162d9da3924e3c41
entry	7372632f66696c746572732f636f6d706f7365722d696e7374616c6c2e746f6d6c	file	100644	1225	e3c53ea5d13c8eb06bfcec2952f55346dce4a41732bb85bd5665aa24c2a25d31
entry	7372632f66696c746572732f64662e746f6d6c	file	100644	545	6c496a1559cd22ce8227f6ba5e88c48ba9e06e92fccdbb3ca5c128bd3dd1d532
entry	7372632f66696c746572732f646f746e65742d6275696c642e746f6d6c	file	100644	1855	32941a4c4b21e6f54f4f2fbe012b61ac491f69e5cbba142fe77579851f52a4aa
entry	7372632f66696c746572732f64752e746f6d6c	file	100644	686	1c5a02a644290a170ab936cbf8d53ba0ce10d33bbc5c0f3015a432906a5460a8
entry	7372632f66696c746572732f6661696c3262616e2d636c69656e742e746f6d6c	file	100644	563	66a46d62819254bc9e26db95dc51a403e54fc6e089168a6c5ef0bb514e559fd9
entry	7372632f66696c746572732f6763632e746f6d6c	file	100644	1378	d8317e61802878d746682a7413a9e7b669ef805dd5405695752f691aacf38cef
entry	7372632f66696c746572732f67636c6f75642e746f6d6c	file	100644	577	30bb8ccb7b5a642a17c68545612707ddec801e9c0cb980e190c40fcf0bbaff91
entry	7372632f66696c746572732f677261646c652e746f6d6c	file	100644	1173	f9b6d2425ab183df2083e6bf13c694d6072c2b90f0763e11c268934f7cb42080
entry	7372632f66696c746572732f6861646f6c696e742e746f6d6c	file	100644	802	51575715ef665ea55e57219d784e38336d2c6924829a0abb52062f2a78aa8a22
entry	7372632f66696c746572732f68656c6d2e746f6d6c	file	100644	2089	a29171e30f1e2a41f9f82616bf00a3430b2c66052dbb5c897342406777bf76c0
entry	7372632f66696c746572732f69707461626c65732e746f6d6c	file	100644	1020	0b2802aab90ccd03e9c1d674e8cd49f04861bb5b7bc34aef4a92ea659222563e
entry	7372632f66696c746572732f6a6573742e746f6d6c	file	100644	994	c72633801a92c2601a489d80459345850e9b717bd9173b1c2e7028760a7483f0
entry	7372632f66696c746572732f6a6972612e746f6d6c	file	100644	808	9557fa46444e0308c36ec1cb5e735ddb043cc841330ba0ac0cb58f6ef2d1e454
entry	7372632f66696c746572732f6a6a2e746f6d6c	file	100644	718	da5cc860cd564a38169b404a4ab3d55c4e91154c90083da364cacc7549f48a8a
entry	7372632f66696c746572732f6a712e746f6d6c	file	100644	448	fec22286464e3c66229d784febc3ba51d0d6f98f907af18f28930fa997980b98
entry	7372632f66696c746572732f6a7573742e746f6d6c	file	100644	703	3ab46b21148ebf4af210200d408515c12ebb5f6590b14048db8af31ba5b2923e
entry	7372632f66696c746572732f6c69717569626173652e746f6d6c	file	100644	2878	2915be93684b30f5a7da910a5a043cde249a0bf7a2e967f392bdc4461c9aabb8
entry	7372632f66696c746572732f6d616b652e746f6d6c	file	100644	707	0d2f67f2e2fd4820853e998f7ca2bf9445ffa6632642d10b15a681e9f5c36614
entry	7372632f66696c746572732f6d61726b646f776e6c696e742e746f6d6c	file	100644	949	827cf11614d4dca4d64563060e6665ce135b01d61ebb86621ba8af12ea04dbd9
entry	7372632f66696c746572732f6d6973652e746f6d6c	file	100644	1087	5a416be11bdb8ea5ea1d06c47e9c96920ecea1e57d8fb17956f6a2cbc1e0d192
entry	7372632f66696c746572732f6d69782d636f6d70696c652e746f6d6c	file	100644	656	4167205058fecc76f43d26bf71a7b904b5d553ed81216732fa4dcac51763cd6c
entry	7372632f66696c746572732f6d69782d666f726d61742e746f6d6c	file	100644	393	f5be87d80dd5d8a0276a101bc5c8bad16662d4b58c4c691f6e3561e1db427cc6
entry	7372632f66696c746572732f6e782e746f6d6c	file	100644	1120	dde44afaf6026c8b4ce912e7c8f61a0f2890eb52b8245169a2766306910ae562
entry	7372632f66696c746572732f6f6c6c616d612e746f6d6c	file	100644	678	bf2898bffa2fbbf8a7945c344abf52d3a760dce67f28113bd26bba031836088c
entry	7372632f66696c746572732f6f786c696e742e746f6d6c	file	100644	1228	4cdd71f51128e588f0abb100e4e61c8ff4f2a7906383b90cf3b821d9c0532488
entry	7372632f66696c746572732f70696e672e746f6d6c	file	100644	2142	a22fd6e62016c3846eed832bfb0213d4a91f4ae976b204ac03817c99acc6c970
entry	7372632f66696c746572732f70696f2d72756e2e746f6d6c	file	100644	1181	69c8f9040d87383787db76db6ea071523cb8f370c0f00374126a2e6119f96761
entry	7372632f66696c746572732f706f657472792d696e7374616c6c2e746f6d6c	file	100644	1317	ebff2dac219dc7b86b8ddeeb9dd37d12fa91c9b81368e58ba06aa25242019b3b
entry	7372632f66696c746572732f7072652d636f6d6d69742e746f6d6c	file	100644	1682	02446f5d004d999f762f791c468dc8b2808e3bdcb5bfdd03dd7e07bc6c695305
entry	7372632f66696c746572732f70732e746f6d6c	file	100644	520	325d04ccee15075c02feb2ee63ecc08763bc253a2fb55b48bb08432bd527bcb5
entry	7372632f66696c746572732f71756172746f2d72656e6465722e746f6d6c	file	100644	1296	840e7571b413c0c423e9fb06458c78e29cb3f3c273e2eb205fd153d8b34c9e5c
entry	7372632f66696c746572732f7273796e632e746f6d6c	file	100644	1395	abf8979dcef021d69b6ff2fc49df55127b80232bc93ee1c5bda862f4aa851d39
entry	7372632f66696c746572732f7368656c6c636865636b2e746f6d6c	file	100644	758	aacca530bb613df62fe73cf01a428b1a0e7828c7098939ee6aec1428bea7f4e4
entry	7372632f66696c746572732f73686f706966792d7468656d652e746f6d6c	file	100644	802	cb49b6fef970e22e95f72b1cf6a4bd0af518c904c1ef998d08f285bf770d7ac7
entry	7372632f66696c746572732f736b6f70656f2e746f6d6c	file	100644	1207	a9347ce2a4d0f43aa2b19eaae43f93a3d69a951c7657210e1a0547c14847f032
entry	7372632f66696c746572732f736f70732e746f6d6c	file	100644	411	5c400d57fda6db0f7a69d567aa0aaa28be3a680c2266da79b9f7e6f46b60905a
entry	7372632f66696c746572732f737072696e672d626f6f742e746f6d6c	file	100644	1345	f655dace1e6800c923e2be0ad7e35c605eab8054cb73f931fafb8500dbf9827d
entry	7372632f66696c746572732f7373682e746f6d6c	file	100644	1246	f80964f50ff7345e622060c34ee1772dd3f8d468335a0f4a964a02a4067b7e05
entry	7372632f66696c746572732f737461742e746f6d6c	file	100644	1761	f3a9814c2bf2eded442bd6e66fedde4ae60dc0d3139bb96dd36ce360d5d1f189
entry	7372632f66696c746572732f73776966742d6275696c642e746f6d6c	file	100644	1306	1c397ddd29292ceef5a4615c0b744c10be77febcbb270767a9a9d9d7dd76eeab
entry	7372632f66696c746572732f73797374656d63746c2d7374617475732e746f6d6c	file	100644	1516	6299897c067c39972712421d30c8faaa965673543360570c52f67bb2a0bbfe7a
entry	7372632f66696c746572732f7461736b2e746f6d6c	file	100644	914	2151fdb559927059edd19c6fbc4311739faf4493f2b27817de9b38150e306e2f
entry	7372632f66696c746572732f7465727261666f726d2d706c616e2e746f6d6c	file	100644	1198	3ff42a629aedf061de0ce33f41557072b13bed73f3d42fc2b51d4db18a3598d6
entry	7372632f66696c746572732f746f66752d666d742e746f6d6c	file	100644	413	3c8731e0c1f764cc2fed3b4d0a4c2101813ec64d03ff8c68f8728ea5ebb976a1
entry	7372632f66696c746572732f746f66752d696e69742e746f6d6c	file	100644	950	127abb8fbedd19f2b0f860c9733d44788a8ed11f423d0077cda447976f14df8f
entry	7372632f66696c746572732f746f66752d706c616e2e746f6d6c	file	100644	1187	e444466da52ce184f3ff351ff9acdf71b4bbd1e230aea94e010c05dfb5c196a7
entry	7372632f66696c746572732f746f66752d76616c69646174652e746f6d6c	file	100644	626	419c8acf53ee7160f43960ef4e7be10f1ecac72ad3f7490bab7743d923d4f909
entry	7372632f66696c746572732f7472756e6b2d6275696c642e746f6d6c	file	100644	944	f3634d9208ddd35f277b680eb7a34dd87b167346494c6aa3a37783cae40fd2f7
entry	7372632f66696c746572732f747572626f2e746f6d6c	file	100644	1137	e9ad79408a9fa0bdea4ecf2ddfef8b94717828799587308970ee9bd61d52219f
entry	7372632f66696c746572732f74792e746f6d6c	file	100644	1124	233607e246349ca4ef50b73b081bf2138936381a6394f72eaa495cc9885b00c9
entry	7372632f66696c746572732f75762d73796e632e746f6d6c	file	100644	1077	1b78722bdca34d821dd7d721ffdeaf67c9d2e407d01dc78f48ab88e09c245d04
entry	7372632f66696c746572732f78636f64656275696c642e746f6d6c	file	100644	3396	0fc3dc2d11ff554cdf2e58cefed56c4d9f2428b271dad328ecdd69d985412eec
entry	7372632f66696c746572732f7961646d2e746f6d6c	file	100644	733	1dc264e305d5ddac99aa803d34a5074702c154b02f5cf178ba57f8e3c10919ed
entry	7372632f66696c746572732f79616d6c6c696e742e746f6d6c	file	100644	834	3230ef732858c5a6d830d4f689501695ba5056f37e238c89096b19e4715705df
entry	7372632f66696e645f636d642e7273	file	100644	19588	2817454d6fcbdfde513e7a9676a60f8ece9a6f5a6559a2b6db7b7e990bb784ab
entry	7372632f66696e645f636d642e72732e72746b2d6c6f636b	file	100644	0	e3b0c44298fc1c149afbf4c8996fb92427ae41e4649b934ca495991b7852b855
entry	7372632f666f726d61745f636d642e7273	file	100644	13311	14739c0d23cc201759e18ab0fa948cf41092b586e126e4c4104c2609a9dbb34d
entry	7372632f666f726d61745f636d642e72732e72746b2d6c6f636b	file	100644	0	e3b0c44298fc1c149afbf4c8996fb92427ae41e4649b934ca495991b7852b855
entry	7372632f6761696e2e7273	file	100644	27046	57264080277e17856254843ecdef1c92796bc3d6ea76fd69952740afceb43b53
entry	7372632f67685f636d642e7273	file	100644	44463	f64906cbac02539190de02810b3138041737b4b92323533e32912414c55d1ca1
entry	7372632f67685f636d642e72732e72746b2d6c6f636b	file	100644	0	e3b0c44298fc1c149afbf4c8996fb92427ae41e4649b934ca495991b7852b855
entry	7372632f6769742e7273	file	100644	89715	cdc84dea23e80f815d1295455e7165c5e3dcfcf6544901e54b8baa545c1b1d51
entry	7372632f6769742e72732e72746b2d6c6f636b	file	100644	0	e3b0c44298fc1c149afbf4c8996fb92427ae41e4649b934ca495991b7852b855
entry	7372632f676f5f636d642e7273	file	100644	19901	8ea8eacea029c3bd82dc0fd892691863be5b480804cc3f96c3fb9a15ee9490da
entry	7372632f676f6c616e6763695f636d642e7273	file	100644	7701	a73c96b4425852de17c3372d4f112eddf16a05caa1f3c972613a961e75f9ad5f
entry	7372632f677265705f636d642e7273	file	100644	38445	38cab88019ccd20cf4b3d348fb1622c772272c799680642bd705208e02e81305
entry	7372632f677265705f636d642e72732e72746b2d6c6f636b	file	100644	0	e3b0c44298fc1c149afbf4c8996fb92427ae41e4649b934ca495991b7852b855
entry	7372632f6772657061692e7273	file	100644	18961	412cb53671fb6ad099bd1c5c6e06eac85d32c6e4f9fbf1181124e2026b25123c
entry	7372632f67745f636d642e7273	file	100644	24041	e9d92ebed82bb9d483892ce451c56935e80c1520dd98411a776d38f1b631b45d
entry	7372632f67756172642e7273	file	100644	16791	f8c2cfcb3234b11dc2f7031e6c8a2ad0e668ce1cca3201f2204aa2d506d94d87
entry	7372632f686f6f6b5f61756469745f636d642e7273	file	100644	11414	8c9997fcdb2742a7c897dd18f43089032ab513ea0503f18f44319505f2685a34
entry	7372632f696e69742e7273	file	100644	65568	e407de50bee8bc92d3ca370b1e58a2ff01d2c683d83512abd17fea9f6410000e
entry	7372632f696e69742e72732e72746b2d6c6f636b	file	100644	0	e3b0c44298fc1c149afbf4c8996fb92427ae41e4649b934ca495991b7852b855
entry	7372632f696e746567726974792e7273	file	100644	18220	12e76a7f73bbef75e434f18f4978e06b272967f5759511ca7decd267abda1c33
entry	7372632f6a736f6e5f636d642e7273	file	100644	5609	72985b113ecb1b31813f1b38df806c2c786b1c645236a55e6bf1308dd01dabfe
entry	7372632f6a736f6e7061636b2e7273	file	100644	29554	05746cf8bb0e0bd40580c0e8787f6f52a36eed1f2bafe91c173df83d9e2e964b
entry	7372632f6c6561726e2f6465746563746f722e7273	file	100644	21154	84f258be872b06e28b2a9327390f1eea7c2573dac33edbaee79ff09a98275a16
entry	7372632f6c6561726e2f6d6f642e7273	file	100644	3685	eae1caea33d25995578bd7cb857c9844b3de5d14f382bab578ed332dfb10710c
entry	7372632f6c6561726e2f7265706f72742e7273	file	100644	5777	d54da4ff9cd7d0da990388cbccab7126f909887a34198927de63086db3a7d9cb
entry	7372632f6c696e745f636d642e7273	file	100644	25387	cef700ed784e8aa8da9c75300b3e97361c8ba9af64476ad9da48bec6ddbe9ef7
entry	7372632f6c6f63616c5f6c6c6d2e7273	file	100644	9700	422c32c7c1fe05756316bb92e157985c405d2e1c42432128f4e513a7d8e47793
entry	7372632f6c6f675f636d642e7273	file	100644	7884	ad2e9f2f0432b109dca7de3760abde0ef8d22ea78e9da463dd9024aceef15250
entry	7372632f6c6f675f636d642e72732e72746b2d6c6f636b	file	100644	0	e3b0c44298fc1c149afbf4c8996fb92427ae41e4649b934ca495991b7852b855
entry	7372632f6c732e7273	file	100644	10798	4c5142d4b631528f7712dc700e5cde06a6fe1fc3345fb1a1aa9ce106cb068926
entry	7372632f6c736f665f636d642e7273	file	100644	9047	aa1041b05b7bb31c2b18ea394f9165b568e05478f475165e761fd9c8fd8e36a4
entry	7372632f6d61696e2e7273	file	100644	127248	cbed378159cdaf2e82b83bf2f295fef143088637d9e077d471aa092c359fba78
entry	7372632f6d61696e2e72732e72746b2d6c6f636b	file	100644	0	e3b0c44298fc1c149afbf4c8996fb92427ae41e4649b934ca495991b7852b855
entry	7372632f6d656d6f72795f6c617965722e72732e72746b2d6c6f636b	file	100644	0	e3b0c44298fc1c149afbf4c8996fb92427ae41e4649b934ca495991b7852b855
entry	7372632f6d656d6f72795f6c617965722f6170692e7273	file	100644	18736	a810890c40bf7f44dd47b5d929ff9062bd504c55b5b8d1aa8bbf054d72130cb4
entry	7372632f6d656d6f72795f6c617965722f6170692e72732e72746b2d6c6f636b	file	100644	0	e3b0c44298fc1c149afbf4c8996fb92427ae41e4649b934ca495991b7852b855
entry	7372632f6d656d6f72795f6c617965722f6275646765742e7273	file	100644	11727	c7cbf5f305e02f0be2259cbf8ab017a10efa092936f4f35bd9efbf1d120dbcd5
entry	7372632f6d656d6f72795f6c617965722f6275646765742e72732e72746b2d6c6f636b	file	100644	0	e3b0c44298fc1c149afbf4c8996fb92427ae41e4649b934ca495991b7852b855
entry	7372632f6d656d6f72795f6c617965722f63616368652e7273	file	100644	22924	e75b24cbf3622cd301936b9b37312e6fa0d106b063f32be4f897037ed761b45a
entry	7372632f6d656d6f72795f6c617965722f63616368652e72732e72746b2d6c6f636b	file	100644	0	e3b0c44298fc1c149afbf4c8996fb92427ae41e4649b934ca495991b7852b855
entry	7372632f6d656d6f72795f6c617965722f63616c6c5f67726170682e7273	file	100644	13898	22034131ca07f6e68f9fa5e49913d4dec1a359ceb4d49dce7e48ae9ad75847c3
entry	7372632f6d656d6f72795f6c617965722f63616c6c5f67726170682e72732e72746b2d6c6f636b	file	100644	0	e3b0c44298fc1c149afbf4c8996fb92427ae41e4649b934ca495991b7852b855
entry	7372632f6d656d6f72795f6c617965722f636c692e7273	file	100644	27796	1fa11865662cb00811943780e2cc5aaa68676c1400d114d00249d52def4bf389
entry	7372632f6d656d6f72795f6c617965722f636c692e72732e72746b2d6c6f636b	file	100644	0	e3b0c44298fc1c149afbf4c8996fb92427ae41e4649b934ca495991b7852b855
entry	7372632f6d656d6f72795f6c617965722f657069736f64652e7273	file	100644	7989	140d50296e030a56fc5eb58d2d341f908a488b89e5d4aef2421b54c135183019
entry	7372632f6d656d6f72795f6c617965722f657069736f64652e72732e72746b2d6c6f636b	file	100644	0	e3b0c44298fc1c149afbf4c8996fb92427ae41e4649b934ca495991b7852b855
entry	7372632f6d656d6f72795f6c617965722f657874726163746f722e7273	file	100644	15620	06741f2a942eea9a22ddc023b0af8584688ab3d148cc05f2fdb2089ee52fa280
entry	7372632f6d656d6f72795f6c617965722f6769745f636875726e2e7273	file	100644	9401	55b481518ebd8034cf42ca5046270198a1c3be99eb53ea144c8fd26b067ad2db
entry	7372632f6d656d6f72795f6c617965722f6769745f636875726e2e72732e72746b2d6c6f636b	file	100644	0	e3b0c44298fc1c149afbf4c8996fb92427ae41e4649b934ca495991b7852b855
entry	7372632f6d656d6f72795f6c617965722f68656c706572732e7273	file	100644	6040	ccb324081786064e3017174790bb92e2df780994defe581361049d86fc5368f8
entry	7372632f6d656d6f72795f6c617965722f686f6f6b732e7273	file	100644	7447	d68d7863ef82bcf287f56b4f07750f6d0b202c1c9e6caa26b10f9775a8560f6e
entry	7372632f6d656d6f72795f6c617965722f696e64657865722e7273	file	100644	36061	d59df8eb30190233c632ea4ad7b98db907440ea7397ec8e2af7d831ac8ac1cea
entry	7372632f6d656d6f72795f6c617965722f696e64657865722e72732e72746b2d6c6f636b	file	100644	0	e3b0c44298fc1c149afbf4c8996fb92427ae41e4649b934ca495991b7852b855
entry	7372632f6d656d6f72795f6c617965722f696e74656e742e7273	file	100644	11487	7b1803d43986945f8229efda8c18fab88b3fa9b596cdca1b776e4c99631eba98
entry	7372632f6d656d6f72795f6c617965722f696e74656e742e72732e72746b2d6c6f636b	file	100644	0	e3b0c44298fc1c149afbf4c8996fb92427ae41e4649b934ca495991b7852b855
entry	7372632f6d656d6f72795f6c617965722f6d616e69666573742e7273	file	100644	7029	41636e6f682f8bf73e945bf976a9f8f6f9602edfc77a109b4f0642ad47131741
entry	7372632f6d656d6f72795f6c617965722f6d616e69666573742e72732e72746b2d6c6f636b	file	100644	0	e3b0c44298fc1c149afbf4c8996fb92427ae41e4649b934ca495991b7852b855
entry	7372632f6d656d6f72795f6c617965722f6d6f642e7273	file	100644	94518	7d74206509f89b8182d8e031425673af6aa85a73ee044f321b10f61bec4b27b8
entry	7372632f6d656d6f72795f6c617965722f6d6f642e72732e72746b2d6c6f636b	file	100644	0	e3b0c44298fc1c149afbf4c8996fb92427ae41e4649b934ca495991b7852b855
entry	7372632f6d656d6f72795f6c617965722f6e6f6973655f66696c7465722e7273	file	100644	9726	4ea1fbb7b8e6246bd0c4e0c91244a3c9c8bc5d434737744a827d27f67f9f4b4b
entry	7372632f6d656d6f72795f6c617965722f6f6c6c616d612e7273	file	100644	9544	7bb0822c8dca8f9a6cd9d3dd557b0bb255e1dd7d098a3b8bd8776b8e669661a3
entry	7372632f6d656d6f72795f6c617965722f706c616e6e65725f67726170682e7273	file	100644	26448	c5925a63f22a1fdfe2b44293d490d7ada50665ae4c828942c9e2ce041d2e8140
entry	7372632f6d656d6f72795f6c617965722f706c616e6e65725f67726170682e72732e72746b2d6c6f636b	file	100644	0	e3b0c44298fc1c149afbf4c8996fb92427ae41e4649b934ca495991b7852b855
entry	7372632f6d656d6f72795f6c617965722f72616e6b65722e7273	file	100644	12307	a41aa53529b443630161e09fd51082da67aa5710b4404de1625426286413bffc
entry	7372632f6d656d6f72795f6c617965722f72616e6b65722e72732e72746b2d6c6f636b	file	100644	0	e3b0c44298fc1c149afbf4c8996fb92427ae41e4649b934ca495991b7852b855
entry	7372632f6d656d6f72795f6c617965722f72656e64657265722e7273	file	100644	32809	4352de12f218bde24ea5464a988c4b398d2e71e4485d160f7d33e683dbb4ba13
entry	7372632f6d656d6f72795f6c617965722f72656e64657265722e72732e72746b2d6c6f636b	file	100644	0	e3b0c44298fc1c149afbf4c8996fb92427ae41e4649b934ca495991b7852b855
entry	7372632f6d656d6f72795f6c617965722f73656d616e7469635f73746167652e7273	file	100644	17852	224d80b96f60d100805c2f1eadc7d0884e6c22018c69b71d1d816f1376be0f1c
entry	7372632f6d7970795f636d642e7273	file	100644	12986	118006de0d38dccc8ba8183217052fae126960e16bcb30a8351d6b7215bc62da
entry	7372632f6e6578745f636d642e7273	file	100644	7373	7264b68f07fe740475712e4d3d02f6a0e5c1140eee05bf9988555956808b7038
entry	7372632f6e706d5f636d642e7273	file	100644	5548	9970ac5bfc0b312b6c1eb63b6d800a98034b34722fc81ea7d26384eec667b8b1
entry	7372632f7061727365722f524541444d452e6d64	file	100644	8939	d8656a8b9b18a7e7f6e43f6473c6f1c5693c0daf4c19ee05d3812fc87bda44e0
entry	7372632f7061727365722f6572726f722e7273	file	100644	1148	10cc1cb65795dfdf8ff91318241424d83bc83d0e9177dca5db89bc97b43c2237
entry	7372632f7061727365722f666f726d61747465722e7273	file	100644	10757	dca21f1549a850a5228c7773edcd6da95c2cdf57a31dd6187386b628eee15088
entry	7372632f7061727365722f6d6f642e7273	file	100644	11258	bdb49ef96615614672a1cea6f16176c97b6990426d0438bc760c6cd5df19a2ef
entry	7372632f7061727365722f74797065732e7273	file	100644	3030	a02ad0bc10eb081fe2da8ab9c8974c250f8bee583f0d53743388bb08503ffda4
entry	7372632f7065726d697373696f6e732e7273	file	100644	11174	dec4496c210baeac40d0d37dfb6128da4a6c706d981200e197ec962a64a6335a
entry	7372632f7069705f636d642e7273	file	100644	8568	3ea12b5760c5edc16f6c8539f5e268feaa1e6dced3b15323764d860a0d02cce1
entry	7372632f706970655f636d642e7273	file	100644	17559	682e0533251b369ec2a83725de3af9d2f01fa843fd603bd99373af7e3236271c
entry	7372632f706c61797772696768745f636d642e7273	file	100644	15128	b2b3c67a6eecc2c946d80717308e221c2a8cecf13290191f671d460b74855826
entry	7372632f706e706d5f636d642e7273	file	100644	16737	fd54e4e2885ff098f995c2bbbea1b9e9887f16f10deb373985d5538679bad6e1
entry	7372632f70726574746965725f636d642e7273	file	100644	6975	9adf16579d398858122f7c0735b0caec199dc991961d4e82176f36038b2bdd27
entry	7372632f707269736d615f636d642e7273	file	100644	16584	4e285060aad73d52efb48335ff77961429b139f741243bbc2cf4483025ad55e0
entry	7372632f70735f636d642e7273	file	100644	10029	d5e2a860649e661ea79d31be8c9b6d0794f5fda6d405f86529abe3799d577fa5
entry	7372632f7073716c5f636d642e7273	file	100644	13354	4ebdf03a2b541d5ac59df1e5fcaaa1a99b60e3df42cdd4e8c0d61adcd24e4d81
entry	7372632f7079746573745f636d642e7273	file	100644	12349	f18021b1a18af30c68ee177157d1722b32ebdae88364fda9aa55a33c26caa306
entry	7372632f726561642e7273	file	100644	33316	8d19a0637ebc111bfdda2a693f64dfcb62800efc05d63266d6e53079e81a80a4
entry	7372632f726561642e72732e72746b2d6c6f636b	file	100644	0	e3b0c44298fc1c149afbf4c8996fb92427ae41e4649b934ca495991b7852b855
entry	7372632f726561645f63616368652e7273	file	100644	7718	c57e7d851f8191c634e6e5b32cd15e89ab194e5519dbe2d53b85bfec490f9f71
entry	7372632f726561645f6368616e6765642e7273	file	100644	14690	d2d248718ebc4feab0c04bb7d422512bf91276ea828935ce8c1ad3087d965fed
entry	7372632f726561645f6469676573742e7273	file	100644	35654	e2b2149d7fa36fb1b2ac63d3aacfff83398a39b77af72223c0623489274da318
entry	7372632f726561645f72656e6465722e7273	file	100644	4905	bdba51fcbb2e948f4108753836aab9783b17aa57de7afd6501474b7e938dbcad
entry	7372632f726561645f736f757263652e7273	file	100644	13063	52dfdc69c249b976679b0bfd9b86588fe66adc5e4f959e1b3b956aca044e01da
entry	7372632f726561645f73796d626f6c732e7273	file	100644	9195	594dff42c44ce637df248e313099184b498b9dd84decd2f5b330f703363b708c
entry	7372632f726561645f74797065732e7273	file	100644	2191	1f30fd08399fe93fc7ab9b4af16dea442589dcc23433d15b58d191b652be5d12
entry	7372632f726561645f74797065732e72732e72746b2d6c6f636b	file	100644	0	e3b0c44298fc1c149afbf4c8996fb92427ae41e4649b934ca495991b7852b855
entry	7372632f72656d6f74655f6c6f67735f636d642e7273	file	100644	4479	e9f7d5ff4dc3eda49a60be4d43c6e9af4e9b7892ae03ec9bb90a0cf81a6eb46e
entry	7372632f726577726974655f636d642e7273	file	100644	5828	b6086923795356b6cffcdab5e7838ef41e266e2d17d6eb7be462a97b90017af3
entry	7372632f726761695f636d642e7273	file	100644	82881	7240966a162c250fca45f787dca9e63f278b5a89cda24d011300b70c7045cd86
entry	7372632f726761695f636d642e72732e72746b2d6c6f636b	file	100644	0	e3b0c44298fc1c149afbf4c8996fb92427ae41e4649b934ca495991b7852b855
entry	7372632f727566665f636d642e7273	file	100644	13306	2979c881614e436b52bc761effcaf26b91acae6461946ef481e228b9a4737709
entry	7372632f727566665f636d642e72732e72746b2d6c6f636b	file	100644	0	e3b0c44298fc1c149afbf4c8996fb92427ae41e4649b934ca495991b7852b855
entry	7372632f72756e6e65722e7273	file	100644	8826	3742e5bd9d07095d3c5fd64b448230c50532bd8fb73d15467ba35477a29f6f76
entry	7372632f7365617263682e7273	file	100644	52706	8bb91e2d7e9ee3fa4eb39a219ea0231eed430bbcd863ae5e76ad4e7fe07c5858
entry	7372632f73657373696f6e5f73746174732e7273	file	100644	8427	448b1a5f75f83daac68f869a0c0fbe192e5b4adbf663ed2d42b3ee3518533e5f
entry	7372632f73716c6974655f636d642e7273	file	100644	9008	9e96d9bf824efe7a3fcf2aa262454bbea9718f883c90bb93252888973fb6a7d6
entry	7372632f7373685f636d642e7273	file	100644	69046	1572320ae3460f3816bb7109b4fdeb59f96c2f87652e3abca0b8260d1e805f2e
entry	7372632f73747265616d2e7273	file	100644	12722	b3e11066e5ab3a8d4b9415af5d1053480cf0f9dcc46129ba9544bc191e33d02d
entry	7372632f73756d6d6172792e7273	file	100644	9842	d5bb0f2265f70b272f6558bb70734f0554422fb7f0dc96dc6bf33921d906b6be
entry	7372632f73796d626f6c735f72656765782e7273	file	100644	30438	0f4c3be7943aac0bddcda6e21f405135d8ca1ad827644eb9d70fcd7d468fe5f9
entry	7372632f7461725f636d642e7273	file	100644	6033	bcf17d939a8f24bb0ad085cd57620fab39e2b62a2527676487f444a6b51cad44
entry	7372632f7465652e7273	file	100644	20183	8c45093b3f291077e64fc7deb86ccba50446fc8588b6e52367b0f00c0dd1906b
entry	7372632f7465652e72732e72746b2d6c6f636b	file	100644	0	e3b0c44298fc1c149afbf4c8996fb92427ae41e4649b934ca495991b7852b855
entry	7372632f74656c656d657472792e7273	file	100644	5899	fa0777258383d83238e01680c74f5063b5aa4924a885627f0f343ff2d42b3e1d
entry	7372632f746f6d6c5f66696c7465722e7273	file	100644	57582	d0f9d3252b0cdd7471c76269e27dcfca9cd03a2ec95c827cb7c33f7cf339f0fe
entry	7372632f747261636b696e672e7273	file	100644	87172	6649f40f7070309ce9b3a702e464cea1115623b37998b18e91973872496e0bbb
entry	7372632f747265652e7273	file	100644	6256	4938cda212d600c828dbc901c351687ec872a2834b4427e6a4061c5b4ecb5e94
entry	7372632f7472756e636174652e7273	file	100644	1948	a294aa95739d70e0b37f150f2e2ccfb2bcec867e7fdb15a377e767730cb058ec
entry	7372632f74727573742e7273	file	100644	19092	fe490b76f217b8cc936d138dfcd9c4f472f0c32c0dfbd79d88cc3259c0587c64
entry	7372632f7473635f636d642e7273	file	100644	11055	0dba4ede5e2903773825b2efa097996dd28fb5e3f19fbf7663f661c5c0e37897
entry	7372632f7574696c732e7273	file	100644	18496	ae0331609f71e73cf47177268963bac6276de46bedf581434db4e6fcc4eda56e
entry	7372632f7665726966795f636d642e7273	file	100644	1468	d132a9256a1eff95e1ea2b47c14e377caef39eebc3959e22c3877e76607b1e66
entry	7372632f7669746573745f636d642e7273	file	100644	15850	885061be703fa2ac1bda187f18d859b12fb226acb43f7f2d2aa27ceb8722122b
entry	7372632f77635f636d642e7273	file	100644	11636	db99d8b0afd35ed972c7e2b5daccff39293c5f530d67f07bcd885ce03f77fbc7
entry	7372632f77635f636d642e72732e72746b2d6c6f636b	file	100644	0	e3b0c44298fc1c149afbf4c8996fb92427ae41e4649b934ca495991b7852b855
entry	7372632f776765745f636d642e7273	file	100644	8365	5eb47f762584d9249ee1db675d2d8876e64bc0cef12224b0001abb278ba5e9d6
entry	7372632f77726974655f636d642e7273	file	100644	83676	7a3927b9ce2dfcb0fb21c20839a19fcc23be78c185c107d020f57b3c155385dc
entry	7372632f77726974655f636d642e72732e72746b2d6c6f636b	file	100644	0	e3b0c44298fc1c149afbf4c8996fb92427ae41e4649b934ca495991b7852b855
entry	7372632f77726974655f636f72652e7273	file	100644	18298	3cb652dc148aeed4070a3f27b4a17cd21979c101ce4acc351ec9b249c0262863
entry	7372632f77726974655f636f72652e72732e72746b2d6c6f636b	file	100644	0	e3b0c44298fc1c149afbf4c8996fb92427ae41e4649b934ca495991b7852b855
entry	7372632f77726974655f6c6f636b2e7273	file	100644	4420	4391210e612a17f7fb5449b2aa60f111de34a67ba7f0e378c3294bea95da8b16
entry	7372632f77726974655f73656d616e746963732e7273	file	100644	1432	834675d98818a6f6da83d0083011fa00e05271a5685b7fc04ad2eb45b4166517
entry	7461736b732f62656e63686d61726b2d666f726b2d76732d757073747265616d2d302e34322e342e6d64	file	100644	7325	c8a4af4951e0d929db24854e25dc0c6ce701fe518f0165be31faee7bc25b4056
entry	7461736b732f6d656d6f72792d6c617965722d64657465726d696e69737469632d7265666163746f722e6d64	file	100644	8934	6a60e8c57b9efb40933ec2a2da92485f0f39c456d604cc3f465dc6c874d331da
entry	7461736b732f6d656d6f72792d6c617965722d64657465726d696e69737469632d7265666163746f722e6d642e72746b2d6c6f636b	file	100644	0	e3b0c44298fc1c149afbf4c8996fb92427ae41e4649b934ca495991b7852b855
entry	7461736b732f6d656d6f72792d6f62736572766162696c6974792e6d64	file	100644	9733	ccb5c4c1e1a5e89e312b0171b4d9aa4351ad7005a4adc07474174a7e2e50b7df
entry	7461736b732f7072642d687a722d756e69666965642d6167656e742d656666696369656e63792d706c6174666f726d2e6d64	file	100644	71778	15ba281eeb9df508a16e31d24c4bf5b1ee0b8ce842e4488accf324e5a811adf7
entry	7461736b732f7072642d72746b2d686f6f6b2d636f7665726167652e6d64	file	100644	3809	afee5c7951fddd08e68bf769c2e762f4796b4d7e4537f338eefc61ee098e132b
entry	7461736b732f7072642d72746b2d696e74656e742d6d656d6f72792d67726170682e6d64	file	100644	18376	408069a1a44a1fa29f3071602607e6cd38bec7033bd657b67d750e1cea1c5ef9
entry	7461736b732f7072642d72746b2d6d656d6f72792d6c617965722e6d64	file	100644	29089	d81feca13f500406ad25e15bf7843835805c86cae7b14557b0402c52bf043af2
entry	7461736b732f7072642d72746b2d6d656d6f72792d6c617965722e6d642e72746b2d6c6f636b	file	100644	0	e3b0c44298fc1c149afbf4c8996fb92427ae41e4649b934ca495991b7852b855
entry	7461736b732f7072642d72746b2d726561642d77726974652d7175616c6974792e6d64	file	100644	6983	4d144d787a3aa530bf57d96e0ed1c210d0e04b24e700ac7277d64bd0ba356573
entry	7461736b732f7072642d757073747265616d2d70722d6261636b706f7274732e6d64	file	100644	14809	b682241a7f6cbf385a9069a576d661c6f19e78e834523e6f716ffdfe8bd5fc93
entry	7461736b732f7072642d757073747265616d2d73796e632d76302e32362e6d64	file	100644	16552	45318999623abd907faeb9030b1d8d6d67d2625ada3b1556abde091f86479fad
entry	7461736b732f726571756972656d656e74732d6d656d6f72792d6c6c6d2d6f7074696d697a6174696f6e2e6d64	file	100644	5058	9c665e83aed7a03a8094d340d008b6748a9ef95535d9132e5eae77a09ad6e87e
entry	74657374732f636f6e6669675f6f75747075742e7273	file	100644	1890	b6e0c2bd72acd1fddc7b7aab4d4651c4bca389b97712f013b2e667e868cef4cd
entry	74657374732f66697874757265732f616e74695f65766173696f6e5f666978747572652e7273	file	100644	4188	59b87788496c50ddb5a8a1ef1ebf6425328a83dbcddc3acdbef8c43a56a7dac0
entry	74657374732f66697874757265732f616e74695f65766173696f6e5f706f6c6963792e6a736f6e	file	100644	18829	e36594eeef103c50d7fb2315bea6858a33c9f61afe6cadb89a0c080ffb553c34
entry	74657374732f6769745f636c695f7061726974792e7273	file	100644	12636	732946c9eaf9feba629e96a8119dab862599423e6dbc21e193c88de0e099e4f9
entry	74657374732f6769745f6c6f675f73656d616e746963732e7273	file	100644	2758	82395041960df3401fe2ee8873e7f6f1544bdbf2197e1af6a6bcb70314628d19
entry	74657374732f67756172645f696e746567726174696f6e5f746573742e7273	file	100644	4555	dd962f381f8f07a1805dd9b07adb8c4951c7d24797110e7481f8be37fc3d0a3b
entry	74657374732f687a725f6163636f756e74696e675f726563656970742e7273	file	100644	2299	827da4ecc09d5aae1918a4e62ca5195033b5bd328c4c704da4b76bc1c0d87ee0
entry	74657374732f696e7465726e616c5f656e762e7273	file	100644	1763	e04124ee0b119ad564b72ff3ee8d6760349c4cfe8617484629330fb1fc239122
entry	74657374732f6d7573745f6b6565705f636f6e74726163742e7273	file	100644	5459	e0016efe75f0b18b6f51cb12f2d9d134870849f5faf159cffd5cfa5f6b43fd3c
entry	74657374732f726561645f6163636f756e74696e672e7273	file	100644	2249	f3cf2fc88107a1c0a637a83de472115bc43aafae2e88304b859ff89a2c9b23da
entry	74657374732f726561645f636c692e7273	file	100644	23634	ce1e6bc4a1c39967e6ebb321763f6b65cbcfb5c923f9a365a31bad21e0702baa
entry	74657374732f726761695f70726f6a6563745f726f6f742e7273	file	100644	2381	53198c6768297f96173547e0414b2330719c14d3958edb9a63941c2a90bbb5bf
entry	74657374732f72756e6e65725f657869742e7273	file	100644	504	fad910d38431953aa2a341b35b5863bc84b44bd24811ac7628b36a148a9a2bee
entry	74657374732f7365617263685f636f6d70726573735f746573742e7273	file	100644	11128	6c503518648885fb6abd1b6f1ab9a5c930df0a3b1a906418a782468206bedbe9
entry	74657374732f7365617263685f6572726f725f746573742e7273	file	100644	3520	90cf04de5cce15f68c0c3b05db25d503e24af4a403790a87c651ba4aa8b7c336
entry	74657374732f7365617263685f666169746866756c5f746573742e7273	file	100644	11440	86c72a0a240ec3ae9c66b7ece74cbee0d2278ec246c297d575533d5b55231670
entry	74657374732f7365617263685f6d656d6f72795f746573742e7273	file	100644	2058	1ac71ebf0edf690736773d628b0af812ad3fe448678972a2b1699c2b1451fdff
entry	74657374732f77375f726f757465732e7273	file	100644	5303	ec66cf35721e104356a0dae3325ca29e25b59d2633ab0e974a54ec7da14c2370
entry	74657374732f77726974655f636c692e7273	file	100644	4301	7f1f0693756a1e3de57c2595e4bc4cb6e468abd0705a2252263c4f41a1e0e02c
deletion	686f6f6b732f72746b2d626c6f636b2d6e61746976652d677265702e7368
deletion	686f6f6b732f72746b2d626c6f636b2d6e61746976652d726561642e7368
deletion	686f6f6b732f72746b2d626c6f636b2d6e61746976652d77726974652e7368
deletion	686f6f6b732f72746b2d626c6f636b2d7461736b2e7368
exclusion	2e	2a2e636173742e62616b	5465737420617274696661637473
exclusion	2e	2a2e637274	456e7669726f6e6d656e7420262053656372657473
exclusion	2e	2a2e6462	53514c69746520646174616261736573
exclusion	2e	2a2e6b6579	456e7669726f6e6d656e7420262053656372657473
exclusion	2e	2a2e703132	456e7669726f6e6d656e7420262053656372657473
exclusion	2e	2a2e70656d	456e7669726f6e6d656e7420262053656372657473
exclusion	2e	2a2e70795b636f645d	5465737420617274696661637473
exclusion	2e	2a2e72746b2d6c6f636b	52544b207772697465206c6f636b2066696c6573202874656d702c206e6576657220636f6d6d697429
exclusion	2e	2a2e736563726574	456e7669726f6e6d656e7420262053656372657473
exclusion	2e	2a2e73716c697465	53514c69746520646174616261736573
exclusion	2e	2a2e73716c69746533	53514c69746520646174616261736573
exclusion	2e	2a2e73776f	494445
exclusion	2e	2a2e737770	494445
exclusion	2e	2a7e	494445
exclusion	2e	2e44535f53746f7265	4f53
exclusion	2e	2e636c617564652f73657474696e67732e6c6f63616c2e6a736f6e	436c6175646520436f6465206c6f63616c2073657474696e67732028757365722d737065636966696329
exclusion	2e	2e656e76	456e7669726f6e6d656e7420262053656372657473
exclusion	2e	2e656e762e2a	456e7669726f6e6d656e7420262053656372657473
exclusion	2e	2e6769742f2a2a	6e657374656420736f757263652d636f6e74726f6c206d6574616461746120697320666f7262696464656e
exclusion	2e	2e6772657061692f	677265706169206c6f63616c20696e646578202870726f6a6563742d73706563696669632c206e6f7420706f727461626c6529
exclusion	2e	2e696465612f	494445
exclusion	2e	2e7673636f64652f	494445
exclusion	2e	2f746172676574	4275696c64
exclusion	2e	5468756d62732e6462	4f53
exclusion	2e	5f5f707963616368655f5f2f	5465737420617274696661637473
exclusion	2e	62656e63686d61726b2d7265706f72742e6d64	42656e63686d61726b20726573756c7473
exclusion	2e	636c61756465646f6373	53514c69746520646174616261736573
exclusion	2e	63726564656e7469616c732e6a736f6e	456e7669726f6e6d656e7420262053656372657473
exclusion	2e	646174612f	47656e6572617465642073656172636820696e6469636573
exclusion	2e	72746b5f747261636b696e672e6462	53514c69746520646174616261736573
exclusion	2e	736372697074732f62656e63686d61726b2f	42656e63686d61726b20726573756c7473
exclusion	2e	736563726574732e6a736f6e	456e7669726f6e6d656e7420262053656372657473
